G1Q00004,G2Q00002,G3Q00001,G2Q00007,G5Q00001,G1Q00008,postulacion_final,region,rango_etario,conteo
Mujer,Otro,Posgrado completo,2 años,Otro,Tierra del Fuego,NO,PATAGONIA,51 a 60 años,1
Mujer,Municipal,Universitario completo,7 años o más,Redes sociales,Santa Cruz,NO,PATAGONIA,51 a 60 años,1
Mujer,Municipal,Universitario completo,7 años o más,Email o newsletter,Neuquén,NO,PATAGONIA,41 a 50 años,1
Mujer,Otro,Universitario incompleto,Menos de 1 año,Redes sociales,Chubut,NO,PATAGONIA,31 a 40 años,1
Mujer,Municipal,Secundario completo,2 años,Persona conocida,Tierra del Fuego,NO,PATAGONIA,41 a 50 años,1
Varón,Otro,Secundario completo,2 años,Redes sociales,Río Negro,NO,PATAGONIA,41 a 50 años,1
Varón,Municipal,Terciario incompleto,7 años o más,Pág. web Min. de Cultura,Neuquén,NO,PATAGONIA,41 a 50 años,1
Mujer,Municipal,Secundario completo,7 años o más,Ámbito laboral,Río Negro,NO,PATAGONIA,21 a 30 años,1
Mujer,Otro,Secundario incompleto,7 años o más,Otro,Santa Cruz,NO,PATAGONIA,51 a 60 años,1
Mujer,Provincial,Secundario completo,7 años o más,Persona conocida,Neuquén,NO,PATAGONIA,31 a 40 años,1
Varón,Otro,Universitario incompleto,1 año,Email o newsletter,Río Negro,NO,PATAGONIA,31 a 40 años,1
Varón,Provincial,Secundario incompleto,3 años,Pág. web Min. de Cultura,Neuquén,NO,PATAGONIA,31 a 40 años,1
Otro,Otro,Terciario incompleto,3 años,Redes sociales,Chubut,NO,PATAGONIA,31 a 40 años,1
Mujer,Municipal,Universitario incompleto,5 años,Redes sociales,Santa Cruz,NO,PATAGONIA,41 a 50 años,1
Mujer,Otro,Terciario completo,2 años,Redes sociales,Tierra del Fuego,NO,PATAGONIA,41 a 50 años,1
Mujer,Municipal,Terciario completo,5 años,Pág. web Min. de Cultura,Río Negro,NO,PATAGONIA,41 a 50 años,1
Mujer,Otro,Terciario incompleto,7 años o más,Pág. web Min. de Cultura,Santa Cruz,NO,PATAGONIA,51 a 60 años,1
Mujer,Otro,Universitario completo,7 años o más,Email o newsletter,Río Negro,NO,PATAGONIA,31 a 40 años,1
Mujer,Otro,Universitario completo,1 año,Pág. web Min. de Cultura,Santiago del Estero,NO,NOA,51 a 60 años,1
Mujer,Provincial,Universitario completo,7 años o más,Email o newsletter,Salta,NO,NOA,31 a 40 años,1
Mujer,Provincial,Universitario completo,1 año,Pág. web Min. de Cultura,La Rioja,NO,NOA,41 a 50 años,1
Varón,Nacional,Posgrado completo,7 años o más,Email o newsletter,Tucumán,NO,NOA,41 a 50 años,1
Varón,Provincial,Terciario completo,7 años o más,Email o newsletter,Jujuy,NO,NOA,31 a 40 años,1
Varón,Otro,Terciario completo,4 años,Email o newsletter,Jujuy,NO,NOA,31 a 40 años,1
Varón,Municipal,Secundario completo,1 año,Pág. web Min. de Cultura,Salta,NO,NOA,41 a 50 años,1
Otro,Otro,Universitario completo,3 años,Pág. web Min. de Cultura,Tucumán,NO,NOA,21 a 30 años,1
Mujer,Otro,Universitario completo,Menos de 1 año,Redes sociales,Tucumán,NO,NOA,21 a 30 años,1
Mujer,Provincial,Universitario incompleto,7 años o más,Redes sociales,La Rioja,NO,NOA,21 a 30 años,1
Mujer,Provincial,Universitario incompleto,6 años,Ámbito laboral,Tucumán,NO,NOA,31 a 40 años,1
Mujer,Otro,Secundario incompleto,5 años,Persona conocida,Tucumán,NO,NOA,21 a 30 años,1
Varón,Provincial,Secundario completo,1 año,Persona conocida,Catamarca,NO,NOA,31 a 40 años,1
Mujer,Otro,Universitario incompleto,Menos de 1 año,Redes sociales,Jujuy,NO,NOA,21 a 30 años,1
Mujer,Otro,Secundario completo,5 años,Persona conocida,Jujuy,NO,NOA,21 a 30 años,1
Mujer,Provincial,Terciario completo,3 años,Redes sociales,Jujuy,NO,NOA,31 a 40 años,1
Mujer,Otro,Universitario completo,5 años,Pág. web Min. de Cultura,Tucumán,NO,NOA,41 a 50 años,1
Mujer,Otro,Secundario completo,Menos de 1 año,Ámbito laboral,Salta,NO,NOA,31 a 40 años,1
Mujer,Otro,Terciario completo,2 años,Redes sociales,Tucumán,NO,NOA,41 a 50 años,1
Mujer,Nacional,Universitario completo,3 años,Redes sociales,Tucumán,NO,NOA,31 a 40 años,1
Mujer,Provincial,Secundario completo,2 años,Redes sociales,Tucumán,NO,NOA,21 a 30 años,1
Varón,Otro,Terciario completo,2 años,Email o newsletter,Tucumán,NO,NOA,31 a 40 años,1
Varón,Otro,Secundario incompleto,7 años o más,Pág. web Min. de Cultura,Tucumán,NO,NOA,21 a 30 años,1
Mujer,Otro,Terciario completo,7 años o más,Ámbito laboral,Santiago del Estero,NO,NOA,51 a 60 años,1
Mujer,Otro,Secundario incompleto,7 años o más,Persona conocida,Jujuy,NO,NOA,31 a 40 años,1
Varón,Otro,Terciario incompleto,7 años o más,Pág. web Min. de Cultura,Misiones,NO,NEA,41 a 50 años,1
Varón,Municipal,Secundario incompleto,2 años,Pág. web Min. de Cultura,Corrientes,NO,NEA,41 a 50 años,1
Varón,Otro,Primario completo,7 años o más,Pág. web Min. de Cultura,Misiones,NO,NEA,31 a 40 años,1
Varón,Otro,Secundario completo,7 años o más,Redes sociales,Formosa,NO,NEA,51 a 60 años,1
Varón,Municipal,Terciario incompleto,1 año,Pág. web Min. de Cultura,Formosa,NO,NEA,31 a 40 años,1
Mujer,Provincial,Universitario incompleto,7 años o más,Redes sociales,Corrientes,NO,NEA,41 a 50 años,1
Mujer,Otro,Secundario completo,1 año,Persona conocida,Corrientes,NO,NEA,31 a 40 años,1
Mujer,Provincial,Universitario completo,7 años o más,Persona conocida,Chaco,NO,NEA,41 a 50 años,1
Mujer,Municipal,Secundario incompleto,5 años,Persona conocida,Misiones,NO,NEA,31 a 40 años,1
Mujer,Municipal,Universitario completo,2 años,Pág. web Min. de Cultura,Chaco,NO,NEA,51 a 60 años,1
Varón,Otro,Secundario completo,Menos de 1 año,Pág. web Min. de Cultura,Chaco,NO,NEA,21 a 30 años,1
Mujer,Provincial,Universitario completo,7 años o más,Persona conocida,Corrientes,NO,NEA,51 a 60 años,1
Mujer,Otro,Secundario completo,5 años,Redes sociales,Formosa,NO,NEA,41 a 50 años,1
Mujer,Otro,Terciario completo,1 año,Pág. web Min. de Cultura,Formosa,NO,NEA,31 a 40 años,1
Mujer,Provincial,Terciario completo,5 años,Ámbito laboral,Formosa,NO,NEA,41 a 50 años,1
Varón,Provincial,Terciario completo,5 años,Email o newsletter,Mendoza,NO,CUYO,41 a 50 años,1
Mujer,Otro,Terciario incompleto,2 años,Pág. web Min. de Cultura,San Luis,NO,CUYO,21 a 30 años,1
Mujer,Nacional,Terciario incompleto,3 años,Redes sociales,Mendoza,NO,CUYO,41 a 50 años,1
Varón,Municipal,Terciario incompleto,6 años,Email o newsletter,Mendoza,NO,CUYO,41 a 50 años,1
Varón,Nacional,Universitario completo,7 años o más,Redes sociales,San Luis,NO,CUYO,31 a 40 años,1
Varón,Provincial,Secundario incompleto,5 años,Persona conocida,San Luis,NO,CUYO,21 a 30 años,1
Mujer,Otro,Secundario incompleto,Menos de 1 año,Pág. web Min. de Cultura,Mendoza,NO,CUYO,21 a 30 años,1
Mujer,Otro,Secundario incompleto,7 años o más,Pág. web Min. de Cultura,San Luis,NO,CUYO,21 a 30 años,1
Varón,Otro,Secundario completo,7 años o más,Persona conocida,San Luis,NO,CUYO,41 a 50 años,1
Varón,Municipal,Terciario completo,5 años,Redes sociales,San Luis,NO,CUYO,51 a 60 años,1
Varón,Municipal,Secundario completo,7 años o más,Persona conocida,San Luis,NO,CUYO,41 a 50 años,1
Mujer,Provincial,Secundario completo,1 año,Otro,Mendoza,NO,CUYO,41 a 50 años,1
Mujer,Municipal,Terciario completo,7 años o más,Ámbito laboral,Córdoba,NO,CENTRO,41 a 50 años,1
Mujer,Municipal,Universitario incompleto,7 años o más,Persona conocida,Santa Fe,NO,CENTRO,41 a 50 años,1
Varón,Provincial,Universitario incompleto,7 años o más,Ámbito laboral,Córdoba,NO,CENTRO,51 a 60 años,1
Mujer,Municipal,Universitario incompleto,3 años,Redes sociales,Córdoba,NO,CENTRO,41 a 50 años,1
Mujer,Provincial,Universitario incompleto,7 años o más,Redes sociales,Santa Fe,NO,CENTRO,51 a 60 años,1
Mujer,Provincial,Terciario completo,7 años o más,Pág. web Min. de Cultura,Córdoba,NO,CENTRO,51 a 60 años,1
Varón,Otro,Posgrado completo,7 años o más,Redes sociales,Córdoba,NO,CENTRO,41 a 50 años,1
Mujer,Provincial,Terciario completo,7 años o más,Pág. web Min. de Cultura,Entre Ríos,NO,CENTRO,31 a 40 años,1
Varón,Otro,Universitario completo,6 años,Email o newsletter,Entre Ríos,NO,CENTRO,21 a 30 años,1
Mujer,Otro,Universitario completo,4 años,Redes sociales,Córdoba,NO,CENTRO,41 a 50 años,1
Mujer,Otro,Terciario incompleto,Menos de 1 año,Pág. web Min. de Cultura,Santa Fe,NO,CENTRO,41 a 50 años,1
Mujer,Otro,Universitario completo,Menos de 1 año,Pág. web Min. de Cultura,Santa Fe,NO,CENTRO,31 a 40 años,1
Mujer,Otro,Terciario completo,7 años o más,Pág. web Min. de Cultura,Córdoba,NO,CENTRO,31 a 40 años,1
Mujer,Municipal,Universitario incompleto,7 años o más,Redes sociales,Córdoba,NO,CENTRO,41 a 50 años,1
Varón,Municipal,Secundario incompleto,3 años,Ámbito laboral,Córdoba,NO,CENTRO,21 a 30 años,1
Mujer,Municipal,Universitario incompleto,Menos de 1 año,Ámbito laboral,Santa Fe,NO,CENTRO,31 a 40 años,1
Mujer,Municipal,Terciario completo,1 año,Redes sociales,Córdoba,NO,CENTRO,41 a 50 años,1
Mujer,Provincial,Terciario completo,7 años o más,Ámbito laboral,Córdoba,NO,CENTRO,31 a 40 años,1
Mujer,Municipal,Universitario incompleto,3 años,Redes sociales,Santa Fe,NO,CENTRO,41 a 50 años,1
Mujer,Otro,Universitario incompleto,Menos de 1 año,Pág. web Min. de Cultura,Santa Fe,NO,CENTRO,31 a 40 años,1
Mujer,Otro,Posgrado completo,7 años o más,Redes sociales,Córdoba,NO,CENTRO,51 a 60 años,1
Mujer,Otro,Terciario completo,2 años,Redes sociales,Santa Fe,NO,CENTRO,31 a 40 años,1
Mujer,Provincial,Universitario completo,3 años,Email o newsletter,Córdoba,NO,CENTRO,41 a 50 años,1
Varón,Municipal,Terciario incompleto,7 años o más,Redes sociales,Santa Fe,NO,CENTRO,31 a 40 años,1
Mujer,Otro,Universitario completo,2 años,Ámbito laboral,Entre Ríos,NO,CENTRO,31 a 40 años,1
Varón,Municipal,Terciario completo,7 años o más,Otro,Entre Ríos,NO,CENTRO,41 a 50 años,1
Mujer,Provincial,Posgrado completo,5 años,Persona conocida,Entre Ríos,NO,CENTRO,31 a 40 años,1
Mujer,Otro,Posgrado incompleto,4 años,Redes sociales,Santa Fe,NO,CENTRO,31 a 40 años,1
Mujer,Universitario,Universitario completo,2 años,Ámbito laboral,Santa Fe,NO,CENTRO,21 a 30 años,1
Varón,Municipal,Terciario completo,3 años,Redes sociales,Santa Fe,NO,CENTRO,21 a 30 años,1
Mujer,Provincial,Secundario incompleto,7 años o más,Pág. web Min. de Cultura,Santa Fe,NO,CENTRO,41 a 50 años,1
Mujer,Otro,Universitario completo,3 años,Persona conocida,Córdoba,NO,CENTRO,21 a 30 años,1
Varón,Otro,Universitario incompleto,Menos de 1 año,Pág. web Min. de Cultura,Buenos Aires,NO,BUENOS AIRES,41 a 50 años,1
Varón,Otro,Secundario completo,7 años o más,Email o newsletter,Buenos Aires,NO,BUENOS AIRES,31 a 40 años,1
Varón,Otro,Universitario incompleto,7 años o más,Pág. web Min. de Cultura,Buenos Aires,NO,BUENOS AIRES,51 a 60 años,1
Mujer,Municipal,Terciario incompleto,7 años o más,Ámbito laboral,Buenos Aires,NO,BUENOS AIRES,31 a 40 años,1
Mujer,Provincial,Universitario incompleto,3 años,Pág. web Min. de Cultura,CABA,NO,BUENOS AIRES,21 a 30 años,1
No binaria,Otro,Secundario completo,6 años,Pág. web Min. de Cultura,Buenos Aires,NO,BUENOS AIRES,31 a 40 años,1
Mujer,Otro,Universitario incompleto,2 años,Pág. web Min. de Cultura,Buenos Aires,NO,BUENOS AIRES,21 a 30 años,1
Mujer,Otro,Terciario incompleto,1 año,Redes sociales,Buenos Aires,NO,BUENOS AIRES,41 a 50 años,1
Mujer,Otro,Terciario completo,5 años,Redes sociales,Buenos Aires,NO,BUENOS AIRES,31 a 40 años,1
Varón,Provincial,Terciario incompleto,7 años o más,Redes sociales,Buenos Aires,NO,BUENOS AIRES,51 a 60 años,1
Varón,Municipal,Terciario completo,3 años,Redes sociales,Buenos Aires,NO,BUENOS AIRES,41 a 50 años,1
Mujer,Provincial,Posgrado incompleto,Menos de 1 año,Persona conocida,Buenos Aires,NO,BUENOS AIRES,31 a 40 años,1
Mujer,Otro,Terciario completo,4 años,Pág. web Min. de Cultura,Buenos Aires,NO,BUENOS AIRES,41 a 50 años,1
Varón,Otro,Secundario completo,1 año,Pág. web Min. de Cultura,Buenos Aires,NO,BUENOS AIRES,21 a 30 años,1
Varón,Municipal,Posgrado incompleto,3 años,Redes sociales,Buenos Aires,NO,BUENOS AIRES,31 a 40 años,1
Varón,Otro,Universitario completo,7 años o más,Redes sociales,Buenos Aires,NO,BUENOS AIRES,31 a 40 años,1
Mujer,Municipal,Universitario completo,3 años,Persona conocida,Buenos Aires,NO,BUENOS AIRES,21 a 30 años,1
Mujer,Provincial,Universitario incompleto,7 años o más,Persona conocida,Buenos Aires,NO,BUENOS AIRES,41 a 50 años,1
Varón,Municipal,Universitario incompleto,4 años,Ámbito laboral,CABA,NO,BUENOS AIRES,31 a 40 años,1
Mujer,Nacional,Universitario completo,6 años,Redes sociales,CABA,NO,BUENOS AIRES,31 a 40 años,1
Mujer,Municipal,Terciario completo,7 años o más,Ámbito laboral,Buenos Aires,NO,BUENOS AIRES,51 a 60 años,1
Varón,Municipal,Universitario completo,7 años o más,Ámbito laboral,Buenos Aires,NO,BUENOS AIRES,61 a 70 años,1
Varón,Otro,Universitario incompleto,7 años o más,Pág. web Min. de Cultura,CABA,NO,BUENOS AIRES,21 a 30 años,1
Varón,Otro,Universitario incompleto,5 años,Redes sociales,Buenos Aires,NO,BUENOS AIRES,31 a 40 años,1
Mujer,Otro,Universitario completo,Menos de 1 año,Pág. web Min. de Cultura,Buenos Aires,NO,BUENOS AIRES,41 a 50 años,1
Mujer,Otro,Terciario completo,1 año,Redes sociales,CABA,NO,BUENOS AIRES,61 a 70 años,1
Varón,Nacional,Universitario incompleto,7 años o más,Pág. web Min. de Cultura,CABA,NO,BUENOS AIRES,41 a 50 años,1
Varón,Otro,Primario incompleto,7 años o más,Pág. web Min. de Cultura,Buenos Aires,NO,BUENOS AIRES,21 a 30 años,1
Mujer,Nacional,Universitario incompleto,7 años o más,Email o newsletter,Buenos Aires,NO,BUENOS AIRES,31 a 40 años,1
Mujer,Otro,Secundario incompleto,Menos de 1 año,Pág. web Min. de Cultura,Buenos Aires,NO,BUENOS AIRES,31 a 40 años,1
Varón,Municipal,Terciario incompleto,2 años,Email o newsletter,Otro país,NO,BUENOS AIRES,31 a 40 años,1
Varón,Otro,Posgrado incompleto,2 años,Redes sociales,Otro país,NO,BUENOS AIRES,21 a 30 años,1
Mujer,Otro,Universitario incompleto,1 año,Pág. web Min. de Cultura,Otro país,NO,BUENOS AIRES,21 a 30 años,1
Mujer,Otro,Universitario completo,2 años,Persona conocida,Otro país,NO,BUENOS AIRES,21 a 30 años,1
Varón,Otro,Universitario incompleto,Menos de 1 año,Persona conocida,Otro país,NO,BUENOS AIRES,21 a 30 años,1
Mujer,Otro,Universitario completo,2 años,Email o newsletter,Otro país,NO,BUENOS AIRES,21 a 30 años,1
Varón,Otro,Secundario completo,Menos de 1 año,Pág. web Min. de Cultura,Otro país,NO,BUENOS AIRES,21 a 30 años,1
Mujer,Otro,Posgrado incompleto,2 años,Persona conocida,Otro país,NO,BUENOS AIRES,31 a 40 años,1
Mujer,Otro,Universitario completo,1 año,Redes sociales,Jujuy,A REVISAR,NOA,31 a 40 años,1
Varón,Otro,Terciario completo,6 años,Persona conocida,Jujuy,A REVISAR,NOA,41 a 50 años,1
Mujer,Otro,Universitario completo,Menos de 1 año,Ámbito laboral,Jujuy,A REVISAR,NOA,51 a 60 años,1
Mujer,Municipal,Secundario completo,7 años o más,Pág. web Min. de Cultura,Corrientes,A REVISAR,NEA,31 a 40 años,1
Varón,Provincial,Terciario incompleto,7 años o más,Redes sociales,Formosa,A REVISAR,NEA,31 a 40 años,1
Otro,Provincial,Secundario completo,3 años,Pág. web Min. de Cultura,San Luis,A REVISAR,CUYO,31 a 40 años,1
Mujer,Otro,Universitario completo,7 años o más,Pág. web Min. de Cultura,San Luis,A REVISAR,CUYO,41 a 50 años,1
Mujer Trans,Otro,Universitario completo,3 años,Pág. web Min. de Cultura,Mendoza,A REVISAR,CUYO,31 a 40 años,1
Mujer,Nacional,Universitario incompleto,1 año,Email o newsletter,CABA,A REVISAR,BUENOS AIRES,21 a 30 años,1
Varón Trans,Otro,Universitario completo,4 años,Redes sociales,Buenos Aires,A REVISAR,BUENOS AIRES,31 a 40 años,1
Varón,Municipal,Universitario incompleto,7 años o más,Redes sociales,Santa Cruz,NO,PATAGONIA,21 a 30 años,1
Mujer,Municipal,Terciario completo,7 años o más,Ámbito laboral,Tierra del Fuego,NO,PATAGONIA,21 a 30 años,1
Varón,Provincial,Terciario completo,3 años,Redes sociales,Tierra del Fuego,NO,PATAGONIA,41 a 50 años,1
Mujer,Otro,Terciario completo,1 año,Persona conocida,Tierra del Fuego,NO,PATAGONIA,31 a 40 años,1
Mujer,Municipal,Universitario incompleto,1 año,Redes sociales,Río Negro,NO,PATAGONIA,31 a 40 años,1
Mujer,Municipal,Terciario incompleto,7 años o más,Ámbito laboral,Chubut,NO,PATAGONIA,21 a 30 años,1
Mujer,Municipal,Secundario completo,2 años,Ámbito laboral,Tierra del Fuego,NO,PATAGONIA,31 a 40 años,1
Varón,Municipal,Terciario completo,7 años o más,Ámbito laboral,Tierra del Fuego,NO,PATAGONIA,31 a 40 años,1
Mujer,Otro,Terciario incompleto,5 años,Pág. web Min. de Cultura,Chubut,NO,PATAGONIA,21 a 30 años,1
Mujer,Otro,Secundario completo,2 años,Pág. web Min. de Cultura,Río Negro,NO,PATAGONIA,41 a 50 años,1
Mujer,Municipal,Terciario completo,7 años o más,Otro,Tierra del Fuego,NO,PATAGONIA,41 a 50 años,1
Mujer,Provincial,Terciario incompleto,7 años o más,Pág. web Min. de Cultura,Neuquén,NO,PATAGONIA,41 a 50 años,1
Mujer,Municipal,Universitario incompleto,2 años,Persona conocida,Neuquén,NO,PATAGONIA,31 a 40 años,1
Mujer,Otro,Universitario completo,7 años o más,Redes sociales,Río Negro,NO,PATAGONIA,41 a 50 años,1
Mujer,Otro,Universitario incompleto,7 años o más,Persona conocida,Río Negro,NO,PATAGONIA,21 a 30 años,1
Varón,Otro,Universitario incompleto,7 años o más,Redes sociales,Neuquén,NO,PATAGONIA,41 a 50 años,1
Mujer,Municipal,Secundario incompleto,3 años,Pág. web Min. de Cultura,Santa Cruz,NO,PATAGONIA,31 a 40 años,1
Mujer,Nacional,Universitario completo,7 años o más,Email o newsletter,Santa Cruz,NO,PATAGONIA,31 a 40 años,1
Mujer,Nacional,Universitario completo,7 años o más,Pág. web Min. de Cultura,Río Negro,NO,PATAGONIA,51 a 60 años,1
Mujer,Otro,Posgrado incompleto,7 años o más,Pág. web Min. de Cultura,Río Negro,NO,PATAGONIA,41 a 50 años,1
Varón,Municipal,Secundario incompleto,1 año,Redes sociales,Río Negro,NO,PATAGONIA,41 a 50 años,1
Mujer,Universitario,Secundario completo,6 años,Redes sociales,Río Negro,NO,PATAGONIA,31 a 40 años,1
Varón,Otro,Universitario completo,3 años,Redes sociales,Tierra del Fuego,NO,PATAGONIA,41 a 50 años,1
Varón,Municipal,Secundario completo,7 años o más,Ámbito laboral,Tierra del Fuego,NO,PATAGONIA,31 a 40 años,1
Mujer,Provincial,Universitario incompleto,3 años,Persona conocida,Río Negro,NO,PATAGONIA,31 a 40 años,1
Mujer,Otro,Universitario incompleto,7 años o más,Redes sociales,Chubut,NO,PATAGONIA,51 a 60 años,1
Varón,Otro,Universitario completo,Menos de 1 año,Persona conocida,Santa Cruz,NO,PATAGONIA,21 a 30 años,1
Mujer,Universitario,Terciario incompleto,Menos de 1 año,Pág. web Min. de Cultura,Chubut,NO,PATAGONIA,21 a 30 años,1
Varón,Otro,Secundario completo,7 años o más,Ámbito laboral,Tierra del Fuego,NO,PATAGONIA,51 a 60 años,1
Varón,Provincial,Universitario incompleto,2 años,Redes sociales,Neuquén,NO,PATAGONIA,51 a 60 años,1
Mujer,Provincial,Secundario completo,7 años o más,Redes sociales,Tierra del Fuego,NO,PATAGONIA,31 a 40 años,1
Mujer,Otro,Terciario incompleto,2 años,Pág. web Min. de Cultura,Río Negro,NO,PATAGONIA,31 a 40 años,1
Mujer,Otro,Terciario completo,3 años,Otro,Jujuy,NO,NOA,31 a 40 años,1
Mujer,Otro,Posgrado incompleto,2 años,Pág. web Min. de Cultura,Tucumán,NO,NOA,41 a 50 años,1
Varón,Otro,Universitario incompleto,2 años,Pág. web Min. de Cultura,La Rioja,NO,NOA,41 a 50 años,1
Mujer,Municipal,Terciario completo,1 año,Redes sociales,Tucumán,NO,NOA,21 a 30 años,1
Varón,Provincial,Universitario completo,1 año,Persona conocida,Tucumán,NO,NOA,31 a 40 años,1
Mujer,Provincial,Terciario completo,2 años,Email o newsletter,La Rioja,NO,NOA,31 a 40 años,1
Mujer,Otro,Secundario completo,2 años,Redes sociales,Jujuy,NO,NOA,41 a 50 años,1
Mujer,Otro,Posgrado completo,7 años o más,Pág. web Min. de Cultura,Tucumán,NO,NOA,41 a 50 años,1
Varón,Provincial,Universitario completo,3 años,Pág. web Min. de Cultura,Tucumán,NO,NOA,21 a 30 años,1
Varón,Otro,Secundario completo,2 años,Redes sociales,Tucumán,NO,NOA,21 a 30 años,1
Mujer,Otro,Universitario incompleto,5 años,Pág. web Min. de Cultura,Tucumán,NO,NOA,21 a 30 años,1
Mujer,Provincial,Universitario completo,3 años,Redes sociales,Tucumán,NO,NOA,41 a 50 años,1
Mujer,Otro,Universitario completo,3 años,Ámbito laboral,Tucumán,NO,NOA,31 a 40 años,1
Mujer,Otro,Universitario incompleto,1 año,Redes sociales,Tucumán,NO,NOA,31 a 40 años,1
Varón,Provincial,Secundario completo,2 años,Redes sociales,Salta,NO,NOA,41 a 50 años,1
Varón,Provincial,Universitario completo,7 años o más,Persona conocida,Tucumán,NO,NOA,51 a 60 años,1
Mujer,Otro,Posgrado completo,7 años o más,Pág. web Min. de Cultura,Salta,NO,NOA,41 a 50 años,1
Mujer,Otro,Universitario completo,3 años,Redes sociales,Jujuy,NO,NOA,31 a 40 años,1
Mujer,Otro,Terciario completo,7 años o más,Persona conocida,Jujuy,NO,NOA,41 a 50 años,1
Mujer,Provincial,Universitario completo,7 años o más,Redes sociales,Tucumán,NO,NOA,51 a 60 años,1
Varón,Municipal,Universitario completo,7 años o más,Redes sociales,La Rioja,NO,NOA,41 a 50 años,1
Mujer,Municipal,Universitario completo,3 años,Pág. web Min. de Cultura,Catamarca,NO,NOA,21 a 30 años,1
Varón,Provincial,Universitario completo,5 años,Pág. web Min. de Cultura,Jujuy,NO,NOA,41 a 50 años,1
Varón,Otro,Universitario incompleto,2 años,Redes sociales,La Rioja,NO,NOA,21 a 30 años,1
Mujer,Otro,Universitario incompleto,7 años o más,Persona conocida,Santiago del Estero,NO,NOA,21 a 30 años,1
Mujer,Otro,Terciario completo,5 años,Redes sociales,Salta,NO,NOA,31 a 40 años,1
Varón,Otro,Posgrado incompleto,7 años o más,Persona conocida,Tucumán,NO,NOA,41 a 50 años,1
Varón,Otro,Secundario incompleto,2 años,Pág. web Min. de Cultura,Salta,NO,NOA,41 a 50 años,1
Mujer,Otro,Universitario completo,2 años,Pág. web Min. de Cultura,Santiago del Estero,NO,NOA,31 a 40 años,1
Mujer,Otro,Universitario completo,3 años,Redes sociales,Tucumán,NO,NOA,31 a 40 años,1
Mujer,Otro,Universitario completo,7 años o más,Redes sociales,Salta,NO,NOA,31 a 40 años,1
Varón,Otro,Universitario completo,Menos de 1 año,Pág. web Min. de Cultura,Salta,NO,NOA,51 a 60 años,1
Varón,Otro,Universitario incompleto,4 años,Pág. web Min. de Cultura,Salta,NO,NOA,31 a 40 años,1
Varón,Otro,Terciario incompleto,3 años,Redes sociales,Tucumán,NO,NOA,31 a 40 años,1
Mujer,Otro,Universitario completo,Menos de 1 año,Redes sociales,Salta,NO,NOA,41 a 50 años,1
Varón,Provincial,Universitario incompleto,7 años o más,Pág. web Min. de Cultura,Formosa,NO,NEA,31 a 40 años,1
Varón,Provincial,Terciario incompleto,5 años,Pág. web Min. de Cultura,Formosa,NO,NEA,41 a 50 años,1
Mujer,Otro,Universitario completo,3 años,Redes sociales,Chaco,NO,NEA,51 a 60 años,1
Varón,Provincial,Terciario incompleto,7 años o más,Pág. web Min. de Cultura,Formosa,NO,NEA,31 a 40 años,1
Mujer,Provincial,Terciario completo,5 años,Redes sociales,Chaco,NO,NEA,31 a 40 años,1
Varón,Otro,Secundario completo,Menos de 1 año,Ámbito laboral,Chaco,NO,NEA,21 a 30 años,1
Varón,Otro,Universitario incompleto,5 años,Redes sociales,Corrientes,NO,NEA,41 a 50 años,1
Varón,Otro,Posgrado incompleto,1 año,Persona conocida,Corrientes,NO,NEA,21 a 30 años,1
Mujer,Otro,Terciario completo,Menos de 1 año,Persona conocida,Corrientes,NO,NEA,21 a 30 años,1
Varón,Provincial,Universitario incompleto,2 años,Ámbito laboral,Chaco,NO,NEA,21 a 30 años,1
Mujer,Provincial,Universitario incompleto,7 años o más,Email o newsletter,Chaco,NO,NEA,21 a 30 años,1
Varón,Provincial,Universitario completo,2 años,Ámbito laboral,Formosa,NO,NEA,21 a 30 años,1
Mujer,Otro,Posgrado completo,7 años o más,Pág. web Min. de Cultura,Corrientes,NO,NEA,41 a 50 años,1
Varón,Otro,Terciario completo,Menos de 1 año,Pág. web Min. de Cultura,Corrientes,NO,NEA,31 a 40 años,1
Mujer,Provincial,Universitario incompleto,7 años o más,Pág. web Min. de Cultura,Chaco,NO,NEA,41 a 50 años,1
Mujer,Otro,Terciario completo,3 años,Ámbito laboral,Misiones,NO,NEA,21 a 30 años,1
Mujer,Provincial,Universitario completo,5 años,Pág. web Min. de Cultura,Formosa,NO,NEA,41 a 50 años,1
Mujer,Provincial,Terciario completo,7 años o más,Redes sociales,Chaco,NO,NEA,51 a 60 años,1
Varón,Provincial,Universitario completo,5 años,Redes sociales,Corrientes,NO,NEA,21 a 30 años,1
Varón,Otro,Universitario completo,4 años,Redes sociales,Corrientes,NO,NEA,31 a 40 años,1
Varón,Municipal,Secundario completo,7 años o más,Redes sociales,Chaco,NO,NEA,31 a 40 años,1
Mujer,Provincial,Universitario completo,6 años,Redes sociales,Chaco,NO,NEA,21 a 30 años,1
Varón,Otro,Universitario incompleto,3 años,Persona conocida,Misiones,NO,NEA,18 a 20 años,1
Mujer,Otro,Terciario completo,3 años,Redes sociales,Corrientes,NO,NEA,31 a 40 años,1
Mujer,Provincial,Terciario incompleto,Menos de 1 año,Email o newsletter,Corrientes,NO,NEA,31 a 40 años,1
Mujer,Provincial,Terciario completo,7 años o más,Pág. web Min. de Cultura,Formosa,NO,NEA,41 a 50 años,1
Mujer,Provincial,Terciario completo,4 años,Otro,Formosa,NO,NEA,41 a 50 años,1
Varón,Otro,Terciario incompleto,7 años o más,Persona conocida,Formosa,NO,NEA,41 a 50 años,1
Varón,Otro,Terciario completo,1 año,Pág. web Min. de Cultura,Corrientes,NO,NEA,21 a 30 años,1
Mujer,Otro,Secundario completo,2 años,Redes sociales,Corrientes,NO,NEA,31 a 40 años,1
Varón,Otro,Terciario completo,4 años,Persona conocida,Corrientes,NO,NEA,21 a 30 años,1
Mujer,Municipal,Secundario completo,1 año,Ámbito laboral,Chaco,NO,NEA,21 a 30 años,1
Varón,Otro,Posgrado incompleto,2 años,Redes sociales,Corrientes,NO,NEA,21 a 30 años,1
Varón,Otro,Terciario incompleto,3 años,Pág. web Min. de Cultura,Chaco,NO,NEA,21 a 30 años,1
Mujer,Municipal,Posgrado completo,6 años,Persona conocida,Formosa,NO,NEA,31 a 40 años,1
Varón,Otro,Universitario incompleto,3 años,Pág. web Min. de Cultura,Mendoza,NO,CUYO,18 a 20 años,1
Mujer,Otro,Universitario completo,Menos de 1 año,Persona conocida,Mendoza,NO,CUYO,21 a 30 años,1
Mujer,Otro,Terciario incompleto,Menos de 1 año,Pág. web Min. de Cultura,Mendoza,NO,CUYO,31 a 40 años,1
Varón,Otro,Universitario incompleto,Menos de 1 año,Persona conocida,Mendoza,NO,CUYO,31 a 40 años,1
Mujer,Otro,Terciario completo,7 años o más,Redes sociales,Mendoza,NO,CUYO,31 a 40 años,1
Varón,Municipal,Universitario completo,4 años,Pág. web Min. de Cultura,San Juan,NO,CUYO,31 a 40 años,1
Mujer,Otro,Universitario incompleto,4 años,Ámbito laboral,San Luis,NO,CUYO,41 a 50 años,1
Mujer,Otro,Universitario completo,5 años,Redes sociales,Mendoza,NO,CUYO,31 a 40 años,1
Mujer,Otro,Universitario incompleto,3 años,Redes sociales,Mendoza,NO,CUYO,31 a 40 años,1
Mujer,Otro,Terciario incompleto,5 años,Pág. web Min. de Cultura,Mendoza,NO,CUYO,41 a 50 años,1
Varón,Municipal,Terciario completo,2 años,Redes sociales,San Luis,NO,CUYO,51 a 60 años,1
Varón,Provincial,Universitario incompleto,7 años o más,Email o newsletter,Mendoza,NO,CUYO,51 a 60 años,1
Mujer,Municipal,Universitario incompleto,7 años o más,Redes sociales,San Juan,NO,CUYO,41 a 50 años,1
Mujer,Otro,Universitario incompleto,3 años,Redes sociales,Mendoza,NO,CUYO,41 a 50 años,1
Mujer,Otro,Secundario incompleto,7 años o más,Redes sociales,Mendoza,NO,CUYO,41 a 50 años,1
Varón,Otro,Secundario completo,7 años o más,Persona conocida,San Luis,NO,CUYO,31 a 40 años,1
Mujer,Otro,Universitario incompleto,2 años,Pág. web Min. de Cultura,Mendoza,NO,CUYO,31 a 40 años,1
Mujer,Otro,Universitario incompleto,4 años,Ámbito laboral,San Luis,NO,CUYO,41 a 50 años,1
Varón,Otro,Universitario completo,5 años,Redes sociales,San Luis,NO,CUYO,31 a 40 años,1
Mujer,Otro,Terciario incompleto,4 años,Ámbito laboral,Mendoza,NO,CUYO,31 a 40 años,1
Varón,Otro,Terciario completo,Menos de 1 año,Pág. web Min. de Cultura,Mendoza,NO,CUYO,41 a 50 años,1
Varón,Otro,Universitario incompleto,2 años,Email o newsletter,Mendoza,NO,CUYO,31 a 40 años,1
Varón,Municipal,Secundario completo,7 años o más,Ámbito laboral,Mendoza,NO,CUYO,61 a 70 años,1
Mujer,Otro,Secundario completo,7 años o más,Persona conocida,Mendoza,NO,CUYO,51 a 60 años,1
Varón,Otro,Terciario incompleto,Menos de 1 año,Redes sociales,Mendoza,NO,CUYO,31 a 40 años,1
Mujer,Otro,Posgrado incompleto,4 años,Pág. web Min. de Cultura,Mendoza,NO,CUYO,31 a 40 años,1
Mujer,Otro,Terciario completo,7 años o más,Redes sociales,Mendoza,NO,CUYO,51 a 60 años,1
Mujer,Nacional,Terciario completo,7 años o más,Redes sociales,Córdoba,NO,CENTRO,61 a 70 años,1
Mujer,Otro,Posgrado completo,7 años o más,Redes sociales,Córdoba,NO,CENTRO,51 a 60 años,1
Varón,Otro,Universitario completo,7 años o más,Otro,Santa Fe,NO,CENTRO,51 a 60 años,1
Mujer,Otro,Secundario completo,4 años,Pág. web Min. de Cultura,Santa Fe,NO,CENTRO,21 a 30 años,1
Mujer,Municipal,Secundario completo,2 años,Ámbito laboral,Entre Ríos,NO,CENTRO,31 a 40 años,1
Mujer,Provincial,Universitario incompleto,7 años o más,Ámbito laboral,Córdoba,NO,CENTRO,31 a 40 años,1
Mujer,Provincial,Universitario incompleto,6 años,Ámbito laboral,Santa Fe,NO,CENTRO,51 a 60 años,1
Mujer,Municipal,Universitario incompleto,3 años,Pág. web Min. de Cultura,Santa Fe,NO,CENTRO,31 a 40 años,1
Mujer,Provincial,Terciario completo,Menos de 1 año,Redes sociales,Santa Fe,NO,CENTRO,31 a 40 años,1
Mujer,Otro,Secundario completo,2 años,Ámbito laboral,Santa Fe,NO,CENTRO,21 a 30 años,1
Mujer,Provincial,Terciario completo,4 años,Ámbito laboral,Santa Fe,NO,CENTRO,41 a 50 años,1
Mujer,Municipal,Terciario completo,7 años o más,Redes sociales,Córdoba,NO,CENTRO,41 a 50 años,1
Varón,Municipal,Secundario completo,3 años,Email o newsletter,Santa Fe,NO,CENTRO,41 a 50 años,1
Mujer,Municipal,Universitario incompleto,1 año,Redes sociales,Santa Fe,NO,CENTRO,41 a 50 años,1
Varón,Provincial,Universitario completo,2 años,Email o newsletter,Córdoba,NO,CENTRO,31 a 40 años,1
Varón,Provincial,Secundario incompleto,4 años,Ámbito laboral,Santa Fe,NO,CENTRO,31 a 40 años,1
Mujer,Municipal,Terciario incompleto,7 años o más,Ámbito laboral,Santa Fe,NO,CENTRO,21 a 30 años,1
Mujer,Otro,Secundario completo,7 años o más,Pág. web Min. de Cultura,Santa Fe,NO,CENTRO,61 a 70 años,1
Mujer,Municipal,Terciario completo,6 años,Email o newsletter,Santa Fe,NO,CENTRO,31 a 40 años,1
Varón,Universitario,Secundario completo,3 años,Pág. web Min. de Cultura,Córdoba,NO,CENTRO,41 a 50 años,1
Mujer,Municipal,Universitario incompleto,7 años o más,Redes sociales,Santa Fe,NO,CENTRO,41 a 50 años,1
Mujer,Otro,Secundario completo,7 años o más,Pág. web Min. de Cultura,Córdoba,NO,CENTRO,31 a 40 años,1
Varón,Municipal,Universitario incompleto,4 años,Pág. web Min. de Cultura,Santa Fe,NO,CENTRO,41 a 50 años,1
Varón,Otro,Universitario completo,5 años,Email o newsletter,Córdoba,NO,CENTRO,31 a 40 años,1
Mujer,Otro,Terciario incompleto,3 años,Pág. web Min. de Cultura,Córdoba,NO,CENTRO,31 a 40 años,1
Mujer,Municipal,Terciario completo,3 años,Redes sociales,Santa Fe,NO,CENTRO,41 a 50 años,1
Mujer,Municipal,Terciario completo,1 año,Redes sociales,Córdoba,NO,CENTRO,51 a 60 años,1
Varón,Municipal,Posgrado completo,2 años,Email o newsletter,Santa Fe,NO,CENTRO,31 a 40 años,1
Varón,Municipal,Universitario completo,2 años,Pág. web Min. de Cultura,Santa Fe,NO,CENTRO,31 a 40 años,1
Mujer,Otro,Terciario completo,4 años,Redes sociales,Santa Fe,NO,CENTRO,21 a 30 años,1
Mujer,Otro,Universitario completo,1 año,Persona conocida,Santa Fe,NO,CENTRO,21 a 30 años,1
Mujer,Provincial,Universitario incompleto,7 años o más,Redes sociales,Santa Fe,NO,CENTRO,41 a 50 años,1
Varón,Municipal,Terciario completo,1 año,Redes sociales,Córdoba,NO,CENTRO,41 a 50 años,1
Varón,Municipal,Secundario incompleto,7 años o más,Ámbito laboral,Córdoba,NO,CENTRO,41 a 50 años,1
Prefiero no decirlo,Provincial,Posgrado incompleto,4 años,Redes sociales,Santa Fe,NO,CENTRO,31 a 40 años,1
Mujer,Otro,Secundario completo,7 años o más,Persona conocida,Entre Ríos,NO,CENTRO,51 a 60 años,1
Mujer,Municipal,Universitario incompleto,5 años,Persona conocida,Santa Fe,NO,CENTRO,31 a 40 años,1
Mujer,Otro,Universitario incompleto,7 años o más,Redes sociales,Córdoba,NO,CENTRO,41 a 50 años,1
Mujer,Municipal,Universitario completo,3 años,Pág. web Min. de Cultura,Córdoba,NO,CENTRO,31 a 40 años,1
Mujer,Municipal,Terciario completo,7 años o más,Redes sociales,Santa Fe,NO,CENTRO,41 a 50 años,1
Mujer,Municipal,Secundario completo,6 años,Redes sociales,Santa Fe,NO,CENTRO,21 a 30 años,1
Varón,Otro,Terciario completo,2 años,Pág. web Min. de Cultura,Santa Fe,NO,CENTRO,41 a 50 años,1
Mujer,Provincial,Terciario completo,5 años,Redes sociales,Santa Fe,NO,CENTRO,31 a 40 años,1
Varón,Nacional,Secundario completo,3 años,Pág. web Min. de Cultura,Santa Fe,NO,CENTRO,21 a 30 años,1
Varón,Otro,Secundario completo,3 años,Pág. web Min. de Cultura,Santa Fe,NO,CENTRO,21 a 30 años,1
Mujer,Provincial,Universitario incompleto,7 años o más,Redes sociales,Santa Fe,NO,CENTRO,31 a 40 años,1
Varón,Provincial,Posgrado completo,7 años o más,Ámbito laboral,Santa Fe,NO,CENTRO,51 a 60 años,1
Mujer,Provincial,Posgrado completo,7 años o más,Persona conocida,Córdoba,NO,CENTRO,51 a 60 años,1
Varón,Municipal,Terciario incompleto,7 años o más,Redes sociales,Córdoba,NO,CENTRO,31 a 40 años,1
Mujer,Provincial,Universitario incompleto,3 años,Ámbito laboral,Santa Fe,NO,CENTRO,31 a 40 años,1
Mujer,Municipal,Universitario incompleto,7 años o más,Email o newsletter,Santa Fe,NO,CENTRO,41 a 50 años,1
Varón,Otro,Universitario completo,2 años,Persona conocida,Santa Fe,NO,CENTRO,31 a 40 años,1
Mujer,Municipal,Universitario completo,5 años,Redes sociales,Santa Fe,NO,CENTRO,21 a 30 años,1
Varón,Municipal,Universitario incompleto,6 años,Redes sociales,Córdoba,NO,CENTRO,31 a 40 años,1
Mujer,Provincial,Universitario incompleto,6 años,Redes sociales,Córdoba,NO,CENTRO,31 a 40 años,1
Varón,Otro,Posgrado completo,5 años,Pág. web Min. de Cultura,Córdoba,NO,CENTRO,31 a 40 años,1
Mujer,Provincial,Posgrado completo,3 años,Otro,Entre Ríos,NO,CENTRO,71 a 80 años,1
Mujer,Otro,Terciario completo,4 años,Redes sociales,Santa Fe,NO,CENTRO,31 a 40 años,1
Varón,Municipal,Terciario incompleto,1 año,Pág. web Min. de Cultura,Santa Fe,NO,CENTRO,21 a 30 años,1
Varón,Municipal,Universitario incompleto,7 años o más,Redes sociales,Santa Fe,NO,CENTRO,31 a 40 años,1
Mujer,Provincial,Universitario completo,6 años,Redes sociales,Santa Fe,NO,CENTRO,21 a 30 años,1
Mujer,Provincial,Terciario completo,3 años,Redes sociales,Córdoba,NO,CENTRO,21 a 30 años,1
Mujer,Otro,Secundario completo,7 años o más,Persona conocida,Santa Fe,NO,CENTRO,31 a 40 años,1
Mujer,Otro,Secundario incompleto,Menos de 1 año,Ámbito laboral,Santa Fe,NO,CENTRO,31 a 40 años,1
Mujer,Provincial,Universitario incompleto,7 años o más,Redes sociales,Santa Fe,NO,CENTRO,51 a 60 años,1
Mujer,Otro,Posgrado completo,6 años,Pág. web Min. de Cultura,Córdoba,NO,CENTRO,41 a 50 años,1
Mujer,Provincial,Terciario completo,7 años o más,Redes sociales,Santa Fe,NO,CENTRO,31 a 40 años,1
Varón,Municipal,Universitario incompleto,2 años,Redes sociales,Córdoba,NO,CENTRO,31 a 40 años,1
Mujer,Otro,Terciario completo,7 años o más,Pág. web Min. de Cultura,Santa Fe,NO,CENTRO,51 a 60 años,1
Mujer,Provincial,Terciario completo,7 años o más,Email o newsletter,Santa Fe,NO,CENTRO,31 a 40 años,1
Mujer,Municipal,Universitario incompleto,2 años,Persona conocida,Entre Ríos,NO,CENTRO,31 a 40 años,1
Mujer,Municipal,Terciario completo,2 años,Ámbito laboral,Córdoba,NO,CENTRO,51 a 60 años,1
Mujer,Municipal,Terciario completo,7 años o más,Persona conocida,Entre Ríos,NO,CENTRO,51 a 60 años,1
Mujer,Municipal,Secundario completo,3 años,Otro,Santa Fe,NO,CENTRO,41 a 50 años,1
Mujer,Otro,Universitario completo,2 años,Redes sociales,Santa Fe,NO,CENTRO,21 a 30 años,1
Mujer,Provincial,Terciario incompleto,4 años,Ámbito laboral,Santa Fe,NO,CENTRO,51 a 60 años,1
Mujer,Municipal,Universitario incompleto,5 años,Ámbito laboral,Santa Fe,NO,CENTRO,21 a 30 años,1
Varón,Otro,Secundario completo,3 años,Pág. web Min. de Cultura,Córdoba,NO,CENTRO,31 a 40 años,1
Mujer,Otro,Secundario completo,Menos de 1 año,Persona conocida,Santa Fe,NO,CENTRO,18 a 20 años,1
Mujer,Otro,Universitario completo,7 años o más,Redes sociales,Córdoba,NO,CENTRO,41 a 50 años,1
Mujer,Otro,Terciario completo,Menos de 1 año,Otro,Entre Ríos,NO,CENTRO,41 a 50 años,1
Varón,Municipal,Universitario incompleto,4 años,Redes sociales,Santa Fe,NO,CENTRO,21 a 30 años,1
Mujer,Municipal,Terciario completo,2 años,Redes sociales,Santa Fe,NO,CENTRO,21 a 30 años,1
Mujer,Otro,Terciario completo,Menos de 1 año,Redes sociales,Santa Fe,NO,CENTRO,31 a 40 años,1
Mujer,Municipal,Terciario incompleto,4 años,Redes sociales,Santa Fe,NO,CENTRO,41 a 50 años,1
Mujer,Municipal,Universitario incompleto,5 años,Otro,Santa Fe,NO,CENTRO,51 a 60 años,1
Mujer,Municipal,Secundario completo,7 años o más,Ámbito laboral,Santa Fe,NO,CENTRO,51 a 60 años,1
No binaria,Otro,Universitario incompleto,1 año,Email o newsletter,Córdoba,NO,CENTRO,21 a 30 años,1
Varón,Provincial,Posgrado completo,7 años o más,Email o newsletter,Córdoba,NO,CENTRO,41 a 50 años,1
Mujer,Provincial,Universitario completo,2 años,Redes sociales,Córdoba,NO,CENTRO,41 a 50 años,1
Varón,Otro,Secundario incompleto,Menos de 1 año,Pág. web Min. de Cultura,Santa Fe,NO,CENTRO,31 a 40 años,1
Varón,Otro,Posgrado completo,7 años o más,Persona conocida,Santa Fe,NO,CENTRO,51 a 60 años,1
Mujer,Municipal,Universitario incompleto,3 años,Pág. web Min. de Cultura,Entre Ríos,NO,CENTRO,21 a 30 años,1
Mujer,Municipal,Posgrado completo,6 años,Email o newsletter,Córdoba,NO,CENTRO,31 a 40 años,1
No binaria,Municipal,Universitario completo,7 años o más,Email o newsletter,Santa Fe,NO,CENTRO,41 a 50 años,1
Varón,Otro,Terciario incompleto,4 años,Pág. web Min. de Cultura,Entre Ríos,NO,CENTRO,21 a 30 años,1
Mujer,Municipal,Terciario completo,7 años o más,Email o newsletter,Santa Fe,NO,CENTRO,41 a 50 años,1
Mujer,Otro,Universitario completo,2 años,Redes sociales,Santa Fe,NO,CENTRO,51 a 60 años,1
Mujer,Provincial,Terciario incompleto,5 años,Ámbito laboral,Santa Fe,NO,CENTRO,61 a 70 años,1
Mujer,Otro,Universitario incompleto,Menos de 1 año,Ámbito laboral,Santa Fe,NO,CENTRO,21 a 30 años,1
Mujer,Otro,Universitario completo,5 años,Redes sociales,Santa Fe,NO,CENTRO,31 a 40 años,1
Mujer,Municipal,Secundario completo,1 año,Redes sociales,Entre Ríos,NO,CENTRO,21 a 30 años,1
Mujer,Municipal,Terciario completo,5 años,Redes sociales,Córdoba,NO,CENTRO,41 a 50 años,1
Mujer Trans,Otro,Universitario incompleto,3 años,Redes sociales,Santa Fe,NO,CENTRO,31 a 40 años,1
Mujer,Otro,Terciario completo,Menos de 1 año,Pág. web Min. de Cultura,Santa Fe,NO,CENTRO,31 a 40 años,1
Varón,Provincial,Universitario incompleto,7 años o más,Ámbito laboral,Santa Fe,NO,CENTRO,51 a 60 años,1
Varón,Otro,Universitario incompleto,2 años,Pág. web Min. de Cultura,Córdoba,NO,CENTRO,31 a 40 años,1
Mujer,Provincial,Universitario completo,5 años,Persona conocida,Santa Fe,NO,CENTRO,21 a 30 años,1
Mujer,Municipal,Terciario completo,7 años o más,Ámbito laboral,Santa Fe,NO,CENTRO,41 a 50 años,1
Varón,Provincial,Posgrado incompleto,2 años,Pág. web Min. de Cultura,Entre Ríos,NO,CENTRO,41 a 50 años,1
Mujer,Otro,Posgrado incompleto,1 año,Pág. web Min. de Cultura,Córdoba,NO,CENTRO,31 a 40 años,1
Varón,Universitario,Universitario completo,4 años,Pág. web Min. de Cultura,Santa Fe,NO,CENTRO,41 a 50 años,1
Mujer,Otro,Terciario completo,5 años,Persona conocida,Córdoba,NO,CENTRO,31 a 40 años,1
Mujer,Otro,Primario incompleto,Menos de 1 año,Pág. web Min. de Cultura,Entre Ríos,NO,CENTRO,31 a 40 años,1
Varón,Municipal,Universitario completo,Menos de 1 año,Ámbito laboral,Entre Ríos,NO,CENTRO,21 a 30 años,1
Mujer,Otro,Posgrado incompleto,6 años,Pág. web Min. de Cultura,Santa Fe,NO,CENTRO,41 a 50 años,1
Mujer,Otro,Terciario completo,7 años o más,Persona conocida,Santa Fe,NO,CENTRO,31 a 40 años,1
Mujer,Otro,Secundario completo,2 años,Pág. web Min. de Cultura,Santa Fe,NO,CENTRO,51 a 60 años,1
Mujer,Otro,Universitario completo,7 años o más,Redes sociales,Santa Fe,NO,CENTRO,31 a 40 años,1
Varón,Municipal,Universitario completo,2 años,Ámbito laboral,Córdoba,NO,CENTRO,21 a 30 años,1
Mujer,Otro,Universitario completo,7 años o más,Ámbito laboral,Córdoba,NO,CENTRO,31 a 40 años,1
Mujer,Otro,Posgrado incompleto,Menos de 1 año,Email o newsletter,Córdoba,NO,CENTRO,51 a 60 años,1
Mujer,Municipal,Universitario incompleto,6 años,Ámbito laboral,Buenos Aires,NO,BUENOS AIRES,21 a 30 años,1
Varón,Otro,Terciario incompleto,5 años,Pág. web Min. de Cultura,Buenos Aires,NO,BUENOS AIRES,31 a 40 años,1
Mujer,Universitario,Universitario completo,1 año,Pág. web Min. de Cultura,Buenos Aires,NO,BUENOS AIRES,21 a 30 años,1
Mujer,Otro,Terciario completo,1 año,Pág. web Min. de Cultura,CABA,NO,BUENOS AIRES,31 a 40 años,1
Mujer,Municipal,Universitario completo,Menos de 1 año,Email o newsletter,Buenos Aires,NO,BUENOS AIRES,41 a 50 años,1
Mujer,Municipal,Secundario incompleto,7 años o más,Persona conocida,Buenos Aires,NO,BUENOS AIRES,41 a 50 años,1
Mujer,Provincial,Secundario completo,7 años o más,Email o newsletter,Buenos Aires,NO,BUENOS AIRES,41 a 50 años,1
Mujer,Provincial,Universitario completo,7 años o más,Pág. web Min. de Cultura,Buenos Aires,NO,BUENOS AIRES,41 a 50 años,1
Varón,Otro,Terciario incompleto,7 años o más,Pág. web Min. de Cultura,CABA,NO,BUENOS AIRES,31 a 40 años,1
Varón,Otro,Terciario completo,Menos de 1 año,Persona conocida,CABA,NO,BUENOS AIRES,21 a 30 años,1
Mujer,Municipal,Posgrado incompleto,1 año,Pág. web Min. de Cultura,Buenos Aires,NO,BUENOS AIRES,31 a 40 años,1
Otro,Nacional,Posgrado incompleto,7 años o más,Email o newsletter,CABA,NO,BUENOS AIRES,31 a 40 años,1
Varón,Otro,Terciario completo,2 años,Persona conocida,Buenos Aires,NO,BUENOS AIRES,21 a 30 años,1
Varón,Municipal,Universitario completo,4 años,Pág. web Min. de Cultura,Buenos Aires,NO,BUENOS AIRES,51 a 60 años,1
Mujer,Municipal,Universitario completo,2 años,Ámbito laboral,Buenos Aires,NO,BUENOS AIRES,31 a 40 años,1
Mujer,Provincial,Posgrado completo,7 años o más,Email o newsletter,Buenos Aires,NO,BUENOS AIRES,51 a 60 años,1
Varón,Nacional,Universitario completo,7 años o más,Redes sociales,CABA,NO,BUENOS AIRES,31 a 40 años,1
Mujer,Municipal,Posgrado incompleto,1 año,Redes sociales,CABA,NO,BUENOS AIRES,31 a 40 años,1
Mujer,Otro,Terciario completo,2 años,Ámbito laboral,Buenos Aires,NO,BUENOS AIRES,21 a 30 años,1
Mujer,Provincial,Secundario incompleto,7 años o más,Redes sociales,Buenos Aires,NO,BUENOS AIRES,41 a 50 años,1
Mujer,Nacional,Universitario completo,Menos de 1 año,Ámbito laboral,CABA,NO,BUENOS AIRES,21 a 30 años,1
Mujer,Municipal,Universitario completo,Menos de 1 año,Pág. web Min. de Cultura,Buenos Aires,NO,BUENOS AIRES,51 a 60 años,1
Mujer,Nacional,Universitario completo,1 año,Pág. web Min. de Cultura,CABA,NO,BUENOS AIRES,21 a 30 años,1
Mujer,Otro,Universitario incompleto,7 años o más,Pág. web Min. de Cultura,CABA,NO,BUENOS AIRES,41 a 50 años,1
Mujer,Otro,Universitario completo,2 años,Pág. web Min. de Cultura,CABA,NO,BUENOS AIRES,31 a 40 años,1
Mujer,Otro,Terciario completo,7 años o más,Persona conocida,Buenos Aires,NO,BUENOS AIRES,41 a 50 años,1
Varón,Municipal,Universitario completo,2 años,Ámbito laboral,Buenos Aires,NO,BUENOS AIRES,41 a 50 años,1
Mujer,Otro,Universitario incompleto,7 años o más,Redes sociales,Buenos Aires,NO,BUENOS AIRES,31 a 40 años,1
Varón,Otro,Terciario completo,1 año,Pág. web Min. de Cultura,CABA,NO,BUENOS AIRES,21 a 30 años,1
Varón,Otro,Posgrado incompleto,2 años,Pág. web Min. de Cultura,Buenos Aires,NO,BUENOS AIRES,41 a 50 años,1
Mujer,Provincial,Terciario completo,7 años o más,Persona conocida,Buenos Aires,NO,BUENOS AIRES,51 a 60 años,1
Mujer,Nacional,Universitario incompleto,7 años o más,Ámbito laboral,CABA,NO,BUENOS AIRES,41 a 50 años,1
Mujer,Otro,Terciario completo,Menos de 1 año,Persona conocida,Buenos Aires,NO,BUENOS AIRES,41 a 50 años,1
Varón,Provincial,Terciario incompleto,7 años o más,Redes sociales,Buenos Aires,NO,BUENOS AIRES,41 a 50 años,1
Mujer,Provincial,Universitario completo,4 años,Redes sociales,Buenos Aires,NO,BUENOS AIRES,21 a 30 años,1
Mujer,Municipal,Secundario completo,4 años,Redes sociales,Buenos Aires,NO,BUENOS AIRES,41 a 50 años,1
Mujer,Otro,Terciario incompleto,3 años,Redes sociales,Buenos Aires,NO,BUENOS AIRES,18 a 20 años,1
Mujer,Otro,Universitario completo,2 años,Pág. web Min. de Cultura,CABA,NO,BUENOS AIRES,51 a 60 años,1
Mujer,Municipal,Posgrado incompleto,7 años o más,Ámbito laboral,Buenos Aires,NO,BUENOS AIRES,41 a 50 años,1
Mujer,Otro,Terciario completo,Menos de 1 año,Ámbito laboral,Buenos Aires,NO,BUENOS AIRES,21 a 30 años,1
Varón,Municipal,Posgrado completo,7 años o más,Redes sociales,Buenos Aires,NO,BUENOS AIRES,31 a 40 años,1
Varón,Universitario,Universitario completo,4 años,Redes sociales,CABA,NO,BUENOS AIRES,31 a 40 años,1
Mujer,Otro,Universitario incompleto,7 años o más,Redes sociales,CABA,NO,BUENOS AIRES,51 a 60 años,1
Mujer,Otro,Universitario incompleto,4 años,Persona conocida,Buenos Aires,NO,BUENOS AIRES,41 a 50 años,1
Mujer,Municipal,Universitario completo,6 años,Email o newsletter,CABA,NO,BUENOS AIRES,31 a 40 años,1
Mujer,Otro,Universitario incompleto,7 años o más,Pág. web Min. de Cultura,CABA,NO,BUENOS AIRES,21 a 30 años,1
Mujer,Otro,Terciario completo,Menos de 1 año,Pág. web Min. de Cultura,Buenos Aires,NO,BUENOS AIRES,21 a 30 años,1
Mujer,Municipal,Universitario completo,7 años o más,Ámbito laboral,Buenos Aires,NO,BUENOS AIRES,21 a 30 años,1
Mujer,Provincial,Posgrado incompleto,2 años,Pág. web Min. de Cultura,Buenos Aires,NO,BUENOS AIRES,31 a 40 años,1
Varón,Otro,Universitario incompleto,5 años,Pág. web Min. de Cultura,Buenos Aires,NO,BUENOS AIRES,31 a 40 años,1
Varón,Provincial,Universitario completo,1 año,Persona conocida,Buenos Aires,NO,BUENOS AIRES,51 a 60 años,1
Otro,Municipal,Terciario completo,3 años,Persona conocida,Buenos Aires,NO,BUENOS AIRES,31 a 40 años,1
Mujer,Provincial,Universitario completo,1 año,Redes sociales,Buenos Aires,NO,BUENOS AIRES,21 a 30 años,1
Varón,Otro,Posgrado completo,3 años,Redes sociales,Buenos Aires,NO,BUENOS AIRES,31 a 40 años,1
Mujer,Municipal,Universitario incompleto,2 años,Email o newsletter,CABA,NO,BUENOS AIRES,21 a 30 años,1
Mujer,Otro,Terciario completo,Menos de 1 año,Pág. web Min. de Cultura,Buenos Aires,NO,BUENOS AIRES,31 a 40 años,1
Mujer,Otro,Universitario incompleto,7 años o más,Persona conocida,Buenos Aires,NO,BUENOS AIRES,31 a 40 años,1
Varón,Provincial,Terciario completo,7 años o más,Email o newsletter,Buenos Aires,NO,BUENOS AIRES,31 a 40 años,1
Mujer,Provincial,Universitario incompleto,1 año,Pág. web Min. de Cultura,CABA,NO,BUENOS AIRES,31 a 40 años,1
Varón,Nacional,Universitario incompleto,5 años,Email o newsletter,Buenos Aires,NO,BUENOS AIRES,21 a 30 años,1
Mujer,Municipal,Universitario incompleto,5 años,Ámbito laboral,Buenos Aires,NO,BUENOS AIRES,41 a 50 años,1
Mujer,Otro,Universitario incompleto,7 años o más,Redes sociales,Buenos Aires,NO,BUENOS AIRES,21 a 30 años,1
Varón,Otro,Posgrado incompleto,7 años o más,Email o newsletter,CABA,NO,BUENOS AIRES,41 a 50 años,1
Varón,Nacional,Posgrado completo,7 años o más,Ámbito laboral,CABA,NO,BUENOS AIRES,31 a 40 años,1
Mujer,Municipal,Posgrado incompleto,3 años,Redes sociales,CABA,NO,BUENOS AIRES,21 a 30 años,1
Mujer,Municipal,Posgrado completo,7 años o más,Pág. web Min. de Cultura,CABA,NO,BUENOS AIRES,41 a 50 años,1
Mujer,Otro,Universitario incompleto,1 año,Email o newsletter,Buenos Aires,NO,BUENOS AIRES,31 a 40 años,1
Mujer,Provincial,Universitario incompleto,7 años o más,Email o newsletter,Buenos Aires,NO,BUENOS AIRES,41 a 50 años,1
Mujer,Otro,Universitario incompleto,3 años,Persona conocida,Buenos Aires,NO,BUENOS AIRES,31 a 40 años,1
Mujer,Otro,Secundario completo,7 años o más,Pág. web Min. de Cultura,Buenos Aires,NO,BUENOS AIRES,41 a 50 años,1
Mujer,Otro,Universitario incompleto,7 años o más,Redes sociales,CABA,NO,BUENOS AIRES,41 a 50 años,1
Mujer,Municipal,Terciario completo,2 años,Redes sociales,CABA,NO,BUENOS AIRES,31 a 40 años,1
Mujer,Otro,Universitario incompleto,Menos de 1 año,Persona conocida,Buenos Aires,NO,BUENOS AIRES,41 a 50 años,1
Varón,Municipal,Posgrado incompleto,7 años o más,Ámbito laboral,Buenos Aires,NO,BUENOS AIRES,51 a 60 años,1
Mujer,Municipal,Terciario incompleto,3 años,Ámbito laboral,Buenos Aires,NO,BUENOS AIRES,31 a 40 años,1
Varón,Otro,Posgrado completo,7 años o más,Pág. web Min. de Cultura,Buenos Aires,NO,BUENOS AIRES,41 a 50 años,1
Mujer,Provincial,Terciario completo,2 años,Redes sociales,Buenos Aires,NO,BUENOS AIRES,31 a 40 años,1
Varón,Provincial,Universitario completo,Menos de 1 año,Redes sociales,Buenos Aires,NO,BUENOS AIRES,31 a 40 años,1
Mujer,Municipal,Universitario incompleto,7 años o más,Email o newsletter,Buenos Aires,NO,BUENOS AIRES,41 a 50 años,1
Mujer,Otro,Terciario incompleto,3 años,Persona conocida,CABA,NO,BUENOS AIRES,21 a 30 años,1
Varón,Municipal,Terciario incompleto,7 años o más,Email o newsletter,Buenos Aires,NO,BUENOS AIRES,51 a 60 años,1
Mujer,Otro,Posgrado incompleto,1 año,Pág. web Min. de Cultura,CABA,NO,BUENOS AIRES,31 a 40 años,1
Varón,Municipal,Universitario completo,2 años,Email o newsletter,Buenos Aires,NO,BUENOS AIRES,41 a 50 años,1
Varón,Otro,Universitario incompleto,3 años,Pág. web Min. de Cultura,Buenos Aires,NO,BUENOS AIRES,21 a 30 años,1
Varón,Otro,Terciario incompleto,2 años,Persona conocida,Buenos Aires,NO,BUENOS AIRES,41 a 50 años,1
Mujer,Universitario,Universitario incompleto,3 años,Email o newsletter,Buenos Aires,NO,BUENOS AIRES,31 a 40 años,1
Varón,Municipal,Posgrado completo,5 años,Ámbito laboral,Buenos Aires,NO,BUENOS AIRES,31 a 40 años,1
Varón,Nacional,Universitario incompleto,7 años o más,Email o newsletter,Buenos Aires,NO,BUENOS AIRES,31 a 40 años,1
Mujer,Otro,Universitario incompleto,7 años o más,Redes sociales,Buenos Aires,NO,BUENOS AIRES,51 a 60 años,1
Varón,Municipal,Secundario incompleto,7 años o más,Pág. web Min. de Cultura,Buenos Aires,NO,BUENOS AIRES,31 a 40 años,1
Varón,Provincial,Universitario completo,7 años o más,Pág. web Min. de Cultura,CABA,NO,BUENOS AIRES,31 a 40 años,1
Varón,Municipal,Secundario completo,3 años,Ámbito laboral,Buenos Aires,NO,BUENOS AIRES,51 a 60 años,1
Mujer,Municipal,Universitario completo,4 años,Ámbito laboral,Buenos Aires,NO,BUENOS AIRES,21 a 30 años,1
Mujer,Otro,Posgrado incompleto,6 años,Persona conocida,Buenos Aires,NO,BUENOS AIRES,31 a 40 años,1
Mujer,Municipal,Universitario incompleto,4 años,Pág. web Min. de Cultura,Buenos Aires,NO,BUENOS AIRES,41 a 50 años,1
Mujer,Nacional,Posgrado completo,4 años,Redes sociales,Buenos Aires,NO,BUENOS AIRES,51 a 60 años,1
Mujer,Otro,Universitario completo,Menos de 1 año,Pág. web Min. de Cultura,Buenos Aires,NO,BUENOS AIRES,31 a 40 años,1
Mujer,Municipal,Universitario incompleto,7 años o más,Redes sociales,Buenos Aires,NO,BUENOS AIRES,51 a 60 años,1
Mujer,Otro,Posgrado incompleto,7 años o más,Pág. web Min. de Cultura,CABA,NO,BUENOS AIRES,31 a 40 años,1
Varón,Otro,Terciario completo,2 años,Pág. web Min. de Cultura,Buenos Aires,NO,BUENOS AIRES,21 a 30 años,1
Mujer,Provincial,Universitario incompleto,7 años o más,Ámbito laboral,Buenos Aires,NO,BUENOS AIRES,41 a 50 años,1
Varón,Municipal,Terciario completo,7 años o más,Pág. web Min. de Cultura,Buenos Aires,NO,BUENOS AIRES,31 a 40 años,1
Varón,Otro,Secundario completo,7 años o más,Persona conocida,Buenos Aires,NO,BUENOS AIRES,41 a 50 años,1
Varón,Municipal,Secundario incompleto,6 años,Pág. web Min. de Cultura,Buenos Aires,NO,BUENOS AIRES,41 a 50 años,1
Mujer,Otro,Terciario completo,3 años,Pág. web Min. de Cultura,Buenos Aires,NO,BUENOS AIRES,21 a 30 años,1
Varón,Provincial,Terciario completo,7 años o más,Ámbito laboral,Buenos Aires,NO,BUENOS AIRES,51 a 60 años,1
Mujer,Municipal,Universitario completo,7 años o más,Email o newsletter,Buenos Aires,NO,BUENOS AIRES,41 a 50 años,1
Varón,Otro,Secundario incompleto,4 años,Redes sociales,CABA,NO,BUENOS AIRES,31 a 40 años,1
Varón,Municipal,Terciario incompleto,7 años o más,Ámbito laboral,CABA,NO,BUENOS AIRES,41 a 50 años,1
Mujer,Otro,Universitario incompleto,6 años,Email o newsletter,Buenos Aires,NO,BUENOS AIRES,41 a 50 años,1
Varón,Nacional,Posgrado completo,7 años o más,Pág. web Min. de Cultura,CABA,NO,BUENOS AIRES,51 a 60 años,1
Varón,Municipal,Secundario incompleto,7 años o más,Pág. web Min. de Cultura,Buenos Aires,NO,BUENOS AIRES,31 a 40 años,1
Mujer,Otro,Universitario completo,7 años o más,Ámbito laboral,Buenos Aires,NO,BUENOS AIRES,41 a 50 años,1
Mujer,Provincial,Secundario completo,7 años o más,Ámbito laboral,CABA,NO,BUENOS AIRES,51 a 60 años,1
Mujer,Municipal,Terciario incompleto,7 años o más,Redes sociales,Buenos Aires,NO,BUENOS AIRES,41 a 50 años,1
Varón,Municipal,Terciario completo,1 año,Pág. web Min. de Cultura,Buenos Aires,NO,BUENOS AIRES,31 a 40 años,1
Mujer,Otro,Terciario incompleto,7 años o más,Pág. web Min. de Cultura,CABA,NO,BUENOS AIRES,31 a 40 años,1
Varón,Provincial,Terciario completo,7 años o más,Persona conocida,Buenos Aires,NO,BUENOS AIRES,51 a 60 años,1
Mujer,Otro,Universitario incompleto,4 años,Ámbito laboral,Buenos Aires,NO,BUENOS AIRES,21 a 30 años,1
Varón,Otro,Universitario completo,1 año,Email o newsletter,Buenos Aires,NO,BUENOS AIRES,51 a 60 años,1
Mujer,Otro,Terciario incompleto,4 años,Pág. web Min. de Cultura,Buenos Aires,NO,BUENOS AIRES,41 a 50 años,1
Mujer,Provincial,Terciario completo,7 años o más,Pág. web Min. de Cultura,Buenos Aires,NO,BUENOS AIRES,31 a 40 años,1
Varón,Nacional,Posgrado incompleto,5 años,Pág. web Min. de Cultura,CABA,NO,BUENOS AIRES,51 a 60 años,1
Mujer,Otro,Posgrado incompleto,7 años o más,Redes sociales,Buenos Aires,NO,BUENOS AIRES,31 a 40 años,1
Mujer,Provincial,Terciario completo,6 años,Redes sociales,Buenos Aires,NO,BUENOS AIRES,31 a 40 años,1
Varón,Otro,Universitario incompleto,7 años o más,Redes sociales,Buenos Aires,NO,BUENOS AIRES,41 a 50 años,1
Mujer,Nacional,Posgrado completo,7 años o más,Email o newsletter,Buenos Aires,NO,BUENOS AIRES,41 a 50 años,1
Mujer,Otro,Universitario completo,7 años o más,Redes sociales,Buenos Aires,NO,BUENOS AIRES,21 a 30 años,1
Mujer,Otro,Posgrado completo,7 años o más,Redes sociales,Buenos Aires,NO,BUENOS AIRES,41 a 50 años,1
Mujer,Otro,Posgrado incompleto,6 años,Pág. web Min. de Cultura,Buenos Aires,NO,BUENOS AIRES,41 a 50 años,1
Mujer,Otro,Universitario incompleto,5 años,Redes sociales,Buenos Aires,NO,BUENOS AIRES,51 a 60 años,1
Varón,Otro,Universitario incompleto,3 años,Persona conocida,Buenos Aires,NO,BUENOS AIRES,41 a 50 años,1
Varón,Otro,Terciario incompleto,1 año,Pág. web Min. de Cultura,CABA,NO,BUENOS AIRES,21 a 30 años,1
Mujer,Provincial,Terciario completo,2 años,Redes sociales,Buenos Aires,NO,BUENOS AIRES,41 a 50 años,1
Mujer,Municipal,Terciario completo,4 años,Email o newsletter,Buenos Aires,NO,BUENOS AIRES,41 a 50 años,1
Mujer,Provincial,Terciario completo,7 años o más,Redes sociales,Buenos Aires,NO,BUENOS AIRES,41 a 50 años,1
Mujer,Otro,Posgrado incompleto,7 años o más,Email o newsletter,Buenos Aires,NO,BUENOS AIRES,41 a 50 años,1
Varón,Otro,Terciario incompleto,7 años o más,Email o newsletter,CABA,NO,BUENOS AIRES,31 a 40 años,1
Mujer,Otro,Universitario completo,4 años,Email o newsletter,CABA,NO,BUENOS AIRES,31 a 40 años,1
Mujer,Nacional,Universitario completo,7 años o más,Email o newsletter,Buenos Aires,NO,BUENOS AIRES,31 a 40 años,1
Mujer,Nacional,Universitario completo,6 años,Pág. web Min. de Cultura,Buenos Aires,NO,BUENOS AIRES,41 a 50 años,1
Varón,Otro,Universitario incompleto,7 años o más,Redes sociales,Buenos Aires,NO,BUENOS AIRES,31 a 40 años,1
Varón,Nacional,Universitario incompleto,7 años o más,Ámbito laboral,CABA,NO,BUENOS AIRES,41 a 50 años,1
Mujer,Municipal,Secundario completo,3 años,Email o newsletter,Buenos Aires,NO,BUENOS AIRES,21 a 30 años,1
Mujer,Nacional,Terciario completo,4 años,Email o newsletter,CABA,NO,BUENOS AIRES,31 a 40 años,1
Varón,Otro,Secundario completo,Menos de 1 año,Redes sociales,Buenos Aires,NO,BUENOS AIRES,31 a 40 años,1
Mujer,Otro,Secundario completo,7 años o más,Ámbito laboral,Buenos Aires,NO,BUENOS AIRES,51 a 60 años,1
Varón,Otro,Universitario incompleto,7 años o más,Persona conocida,CABA,NO,BUENOS AIRES,51 a 60 años,1
Varón,Municipal,Universitario completo,2 años,Pág. web Min. de Cultura,Buenos Aires,NO,BUENOS AIRES,21 a 30 años,1
Varón,Municipal,Posgrado completo,6 años,Email o newsletter,Buenos Aires,NO,BUENOS AIRES,41 a 50 años,1
Mujer,Municipal,Terciario completo,7 años o más,Pág. web Min. de Cultura,Buenos Aires,NO,BUENOS AIRES,41 a 50 años,1
Mujer,Municipal,Universitario completo,4 años,Pág. web Min. de Cultura,Buenos Aires,NO,BUENOS AIRES,41 a 50 años,1
Mujer,Municipal,Posgrado completo,3 años,Redes sociales,Buenos Aires,NO,BUENOS AIRES,31 a 40 años,1
Mujer,Otro,Universitario incompleto,Menos de 1 año,Persona conocida,Buenos Aires,NO,BUENOS AIRES,41 a 50 años,1
Varón,Municipal,Universitario incompleto,7 años o más,Ámbito laboral,Buenos Aires,NO,BUENOS AIRES,41 a 50 años,1
Mujer,Nacional,Universitario completo,7 años o más,Redes sociales,CABA,NO,BUENOS AIRES,31 a 40 años,1
Varón,Municipal,Universitario incompleto,7 años o más,Ámbito laboral,Buenos Aires,NO,BUENOS AIRES,41 a 50 años,1
Mujer,Otro,Universitario completo,7 años o más,Pág. web Min. de Cultura,CABA,NO,BUENOS AIRES,41 a 50 años,1
Mujer,Otro,Terciario incompleto,Menos de 1 año,Redes sociales,CABA,NO,BUENOS AIRES,31 a 40 años,1
Mujer,Municipal,Universitario incompleto,4 años,Redes sociales,Buenos Aires,NO,BUENOS AIRES,41 a 50 años,1
Mujer,Provincial,Universitario completo,7 años o más,Redes sociales,Buenos Aires,NO,BUENOS AIRES,31 a 40 años,1
Varón,Otro,Terciario incompleto,7 años o más,Redes sociales,Buenos Aires,NO,BUENOS AIRES,31 a 40 años,1
Varón,Municipal,Terciario incompleto,6 años,Persona conocida,Buenos Aires,NO,BUENOS AIRES,31 a 40 años,1
Mujer,Provincial,Terciario completo,3 años,Pág. web Min. de Cultura,Buenos Aires,NO,BUENOS AIRES,21 a 30 años,1
Mujer,Otro,Terciario completo,7 años o más,Redes sociales,CABA,NO,BUENOS AIRES,51 a 60 años,1
Mujer,Otro,Universitario incompleto,5 años,Redes sociales,Buenos Aires,NO,BUENOS AIRES,51 a 60 años,1
Mujer,Nacional,Universitario incompleto,7 años o más,Ámbito laboral,CABA,NO,BUENOS AIRES,51 a 60 años,1
Mujer,Otro,Terciario incompleto,7 años o más,Redes sociales,Buenos Aires,NO,BUENOS AIRES,61 a 70 años,1
Mujer,Otro,Universitario incompleto,7 años o más,Email o newsletter,Buenos Aires,NO,BUENOS AIRES,51 a 60 años,1
Varón,Provincial,Posgrado completo,7 años o más,Redes sociales,CABA,NO,BUENOS AIRES,41 a 50 años,1
Mujer,Otro,Terciario completo,7 años o más,Email o newsletter,Buenos Aires,NO,BUENOS AIRES,31 a 40 años,1
Mujer,Municipal,Terciario incompleto,7 años o más,Redes sociales,Buenos Aires,NO,BUENOS AIRES,41 a 50 años,1
Mujer,Otro,Terciario completo,7 años o más,Redes sociales,Buenos Aires,NO,BUENOS AIRES,51 a 60 años,1
Mujer,Otro,Universitario incompleto,7 años o más,Redes sociales,CABA,NO,BUENOS AIRES,51 a 60 años,1
Mujer,Otro,Universitario incompleto,7 años o más,Email o newsletter,Buenos Aires,NO,BUENOS AIRES,61 a 70 años,1
Mujer,Otro,Secundario completo,4 años,Pág. web Min. de Cultura,Buenos Aires,NO,BUENOS AIRES,31 a 40 años,1
Mujer,Otro,Secundario incompleto,4 años,Email o newsletter,Buenos Aires,NO,BUENOS AIRES,31 a 40 años,1
Mujer,Provincial,Universitario completo,7 años o más,Redes sociales,Buenos Aires,NO,BUENOS AIRES,31 a 40 años,1
Mujer,Universitario,Posgrado completo,7 años o más,Pág. web Min. de Cultura,Buenos Aires,NO,BUENOS AIRES,51 a 60 años,1
Mujer,Municipal,Terciario incompleto,2 años,Pág. web Min. de Cultura,Buenos Aires,NO,BUENOS AIRES,21 a 30 años,1
Mujer,Municipal,Universitario completo,5 años,Redes sociales,Buenos Aires,NO,BUENOS AIRES,41 a 50 años,1
Mujer,Otro,Universitario completo,2 años,Ámbito laboral,Buenos Aires,NO,BUENOS AIRES,41 a 50 años,1
Varón,Otro,Universitario incompleto,4 años,Redes sociales,Buenos Aires,NO,BUENOS AIRES,41 a 50 años,1
Mujer,Otro,Universitario completo,6 años,Pág. web Min. de Cultura,CABA,NO,BUENOS AIRES,31 a 40 años,1
Mujer,Municipal,Universitario completo,Menos de 1 año,Ámbito laboral,Buenos Aires,NO,BUENOS AIRES,41 a 50 años,1
Varón,Otro,Universitario incompleto,2 años,Pág. web Min. de Cultura,Buenos Aires,NO,BUENOS AIRES,21 a 30 años,1
Mujer,Provincial,Universitario incompleto,7 años o más,Email o newsletter,Buenos Aires,NO,BUENOS AIRES,41 a 50 años,1
Varón,Otro,Posgrado incompleto,7 años o más,Redes sociales,Buenos Aires,NO,BUENOS AIRES,31 a 40 años,1
Varón,Otro,Terciario incompleto,5 años,Pág. web Min. de Cultura,Buenos Aires,NO,BUENOS AIRES,31 a 40 años,1
Mujer,Otro,Posgrado completo,Menos de 1 año,Redes sociales,CABA,NO,BUENOS AIRES,41 a 50 años,1
Mujer,Otro,Universitario completo,2 años,Redes sociales,CABA,NO,BUENOS AIRES,31 a 40 años,1
Mujer,Otro,Universitario completo,7 años o más,Pág. web Min. de Cultura,Buenos Aires,NO,BUENOS AIRES,51 a 60 años,1
Varón,Municipal,Secundario completo,5 años,Pág. web Min. de Cultura,Buenos Aires,NO,BUENOS AIRES,41 a 50 años,1
Mujer,Otro,Universitario incompleto,7 años o más,Email o newsletter,Buenos Aires,NO,BUENOS AIRES,31 a 40 años,1
Mujer,Otro,Terciario completo,Menos de 1 año,Pág. web Min. de Cultura,CABA,NO,BUENOS AIRES,31 a 40 años,1
Mujer,Otro,Secundario completo,Menos de 1 año,Pág. web Min. de Cultura,CABA,NO,BUENOS AIRES,21 a 30 años,1
Varón,Otro,Terciario completo,3 años,Email o newsletter,Buenos Aires,NO,BUENOS AIRES,41 a 50 años,1
Varón,Otro,Posgrado completo,2 años,Pág. web Min. de Cultura,CABA,NO,BUENOS AIRES,41 a 50 años,1
Varón,Otro,Universitario incompleto,1 año,Redes sociales,CABA,NO,BUENOS AIRES,21 a 30 años,1
Mujer,Otro,Secundario incompleto,7 años o más,Pág. web Min. de Cultura,Buenos Aires,NO,BUENOS AIRES,41 a 50 años,1
Varón,Otro,Secundario incompleto,7 años o más,Ámbito laboral,Buenos Aires,NO,BUENOS AIRES,61 a 70 años,1
Mujer,Nacional,Universitario completo,6 años,Pág. web Min. de Cultura,CABA,NO,BUENOS AIRES,31 a 40 años,1
Varón,Otro,Terciario completo,6 años,Redes sociales,Buenos Aires,NO,BUENOS AIRES,31 a 40 años,1
Mujer,Municipal,Posgrado completo,7 años o más,Pág. web Min. de Cultura,CABA,NO,BUENOS AIRES,51 a 60 años,1
Mujer,Otro,Secundario completo,Menos de 1 año,Persona conocida,Buenos Aires,NO,BUENOS AIRES,41 a 50 años,1
Mujer,Municipal,Terciario completo,4 años,Pág. web Min. de Cultura,Buenos Aires,NO,BUENOS AIRES,31 a 40 años,1
Mujer,Otro,Secundario incompleto,Menos de 1 año,Pág. web Min. de Cultura,Buenos Aires,NO,BUENOS AIRES,31 a 40 años,1
Mujer,Otro,Posgrado completo,5 años,Redes sociales,Buenos Aires,NO,BUENOS AIRES,31 a 40 años,1
Mujer,Otro,Terciario completo,Menos de 1 año,Persona conocida,Buenos Aires,NO,BUENOS AIRES,21 a 30 años,1
Mujer,Municipal,Universitario incompleto,4 años,Pág. web Min. de Cultura,Buenos Aires,NO,BUENOS AIRES,41 a 50 años,1
Varón,Otro,Primario completo,7 años o más,Pág. web Min. de Cultura,Buenos Aires,NO,BUENOS AIRES,41 a 50 años,1
Mujer,Provincial,Universitario incompleto,2 años,Redes sociales,Chubut,SI,PATAGONIA,21 a 30 años,1
Mujer,Municipal,Universitario incompleto,2 años,Ámbito laboral,Tierra del Fuego,SI,PATAGONIA,21 a 30 años,1
Mujer,Municipal,Terciario completo,1 año,Pág. web Min. de Cultura,Tierra del Fuego,SI,PATAGONIA,31 a 40 años,1
Mujer,Municipal,Posgrado incompleto,2 años,Email o newsletter,Neuquén,SI,PATAGONIA,31 a 40 años,1
Mujer,Municipal,Terciario incompleto,1 año,Redes sociales,Neuquén,SI,PATAGONIA,41 a 50 años,1
Varón,Municipal,Posgrado completo,7 años o más,Redes sociales,Chubut,SI,PATAGONIA,51 a 60 años,1
Mujer,Otro,Universitario completo,7 años o más,Redes sociales,Tierra del Fuego,SI,PATAGONIA,21 a 30 años,1
Mujer,Municipal,Secundario completo,Menos de 1 año,Ámbito laboral,Tierra del Fuego,SI,PATAGONIA,18 a 20 años,1
Varón,Municipal,Secundario completo,7 años o más,Pág. web Min. de Cultura,La Pampa,SI,PATAGONIA,51 a 60 años,1
Mujer,Municipal,Universitario incompleto,Menos de 1 año,Ámbito laboral,Tierra del Fuego,SI,PATAGONIA,21 a 30 años,1
Mujer,Otro,Secundario completo,1 año,Redes sociales,La Pampa,SI,PATAGONIA,41 a 50 años,1
Mujer,Municipal,Universitario completo,1 año,Persona conocida,La Pampa,SI,PATAGONIA,51 a 60 años,1
Varón,Municipal,Universitario incompleto,7 años o más,Ámbito laboral,Chubut,SI,PATAGONIA,41 a 50 años,1
Mujer,Municipal,Universitario incompleto,4 años,Email o newsletter,Río Negro,SI,PATAGONIA,41 a 50 años,1
Mujer,Municipal,Terciario completo,7 años o más,Redes sociales,Santa Cruz,SI,PATAGONIA,41 a 50 años,1
Mujer,Municipal,Universitario completo,1 año,Ámbito laboral,La Pampa,SI,PATAGONIA,41 a 50 años,1
Varón,Municipal,Universitario completo,Menos de 1 año,Redes sociales,Río Negro,SI,PATAGONIA,21 a 30 años,1
Mujer,Municipal,Universitario incompleto,Menos de 1 año,Redes sociales,Santa Cruz,SI,PATAGONIA,21 a 30 años,1
Mujer,Municipal,Terciario completo,7 años o más,Redes sociales,Tierra del Fuego,SI,PATAGONIA,41 a 50 años,1
Varón,Municipal,Universitario incompleto,6 años,Pág. web Min. de Cultura,Neuquén,SI,PATAGONIA,41 a 50 años,1
Varón,Municipal,Universitario completo,3 años,Pág. web Min. de Cultura,Río Negro,SI,PATAGONIA,31 a 40 años,1
Mujer,Municipal,Secundario completo,7 años o más,Pág. web Min. de Cultura,Neuquén,SI,PATAGONIA,41 a 50 años,1
Mujer,Municipal,Universitario incompleto,3 años,Email o newsletter,Santa Cruz,SI,PATAGONIA,31 a 40 años,1
Mujer,Municipal,Universitario incompleto,7 años o más,Ámbito laboral,Chubut,SI,PATAGONIA,41 a 50 años,1
Varón,Municipal,Secundario incompleto,4 años,Ámbito laboral,Tierra del Fuego,SI,PATAGONIA,41 a 50 años,1
Varón,Provincial,Posgrado completo,7 años o más,Pág. web Min. de Cultura,Tierra del Fuego,SI,PATAGONIA,51 a 60 años,1
Mujer,Municipal,Universitario incompleto,7 años o más,Redes sociales,Río Negro,SI,PATAGONIA,31 a 40 años,1
Varón,Municipal,Universitario incompleto,7 años o más,Redes sociales,Río Negro,SI,PATAGONIA,31 a 40 años,1
Mujer,Municipal,Universitario completo,5 años,Redes sociales,Río Negro,SI,PATAGONIA,31 a 40 años,1
Mujer,Otro,Universitario incompleto,7 años o más,Ámbito laboral,Chubut,SI,PATAGONIA,31 a 40 años,1
Mujer,Otro,Terciario completo,3 años,Ámbito laboral,Chubut,SI,PATAGONIA,31 a 40 años,1
Mujer,Municipal,Terciario incompleto,7 años o más,Ámbito laboral,Tierra del Fuego,SI,PATAGONIA,21 a 30 años,1
Mujer,Municipal,Terciario incompleto,4 años,Email o newsletter,Neuquén,SI,PATAGONIA,41 a 50 años,1
Varón,Nacional,Terciario incompleto,3 años,Redes sociales,Chubut,SI,PATAGONIA,41 a 50 años,1
Prefiero no decirlo,Provincial,Universitario incompleto,7 años o más,Pág. web Min. de Cultura,Neuquén,SI,PATAGONIA,31 a 40 años,1
Mujer,Municipal,Universitario completo,3 años,Ámbito laboral,Neuquén,SI,PATAGONIA,21 a 30 años,1
Mujer,Otro,Universitario completo,7 años o más,Redes sociales,Tierra del Fuego,SI,PATAGONIA,51 a 60 años,1
Varón,Municipal,Terciario completo,7 años o más,Ámbito laboral,Tierra del Fuego,SI,PATAGONIA,31 a 40 años,1
Mujer,Provincial,Posgrado incompleto,1 año,Ámbito laboral,Neuquén,SI,PATAGONIA,21 a 30 años,1
Mujer,Municipal,Posgrado incompleto,Menos de 1 año,Redes sociales,Neuquén,SI,PATAGONIA,31 a 40 años,1
Mujer,Otro,Universitario incompleto,7 años o más,Ámbito laboral,La Pampa,SI,PATAGONIA,51 a 60 años,1
Varón,Municipal,Terciario incompleto,7 años o más,Pág. web Min. de Cultura,Chubut,SI,PATAGONIA,31 a 40 años,1
Mujer,Otro,Terciario completo,7 años o más,Ámbito laboral,Chubut,SI,PATAGONIA,41 a 50 años,1
Mujer,Municipal,Universitario incompleto,3 años,Pág. web Min. de Cultura,Santa Cruz,SI,PATAGONIA,31 a 40 años,1
Mujer,Municipal,Terciario incompleto,1 año,Pág. web Min. de Cultura,Neuquén,SI,PATAGONIA,41 a 50 años,1
Varón,Municipal,Secundario completo,7 años o más,Ámbito laboral,Tierra del Fuego,SI,PATAGONIA,31 a 40 años,1
Mujer,Otro,Terciario completo,4 años,Redes sociales,Neuquén,SI,PATAGONIA,41 a 50 años,1
Mujer,Otro,Posgrado incompleto,3 años,Redes sociales,Río Negro,SI,PATAGONIA,31 a 40 años,1
Mujer,Municipal,Terciario incompleto,7 años o más,Ámbito laboral,Chubut,SI,PATAGONIA,21 a 30 años,1
Mujer,Municipal,Universitario incompleto,7 años o más,Ámbito laboral,Tierra del Fuego,SI,PATAGONIA,51 a 60 años,1
Varón,Municipal,Universitario incompleto,7 años o más,Persona conocida,Río Negro,SI,PATAGONIA,41 a 50 años,1
Mujer,Provincial,Universitario incompleto,6 años,Persona conocida,Río Negro,SI,PATAGONIA,51 a 60 años,1
Mujer,Provincial,Terciario completo,Menos de 1 año,Email o newsletter,Santa Cruz,SI,PATAGONIA,41 a 50 años,1
Varón,Municipal,Secundario completo,7 años o más,Pág. web Min. de Cultura,Río Negro,SI,PATAGONIA,41 a 50 años,1
Mujer,Provincial,Secundario completo,Menos de 1 año,Ámbito laboral,Río Negro,SI,PATAGONIA,31 a 40 años,1
Mujer,Municipal,Universitario completo,7 años o más,Persona conocida,Neuquén,SI,PATAGONIA,41 a 50 años,1
Mujer,Otro,Primario completo,5 años,Ámbito laboral,Tierra del Fuego,SI,PATAGONIA,41 a 50 años,1
Varón,Provincial,Universitario completo,7 años o más,Redes sociales,Río Negro,SI,PATAGONIA,41 a 50 años,1
Mujer,Otro,Terciario completo,2 años,Pág. web Min. de Cultura,Neuquén,SI,PATAGONIA,31 a 40 años,1
Mujer,Otro,Universitario incompleto,7 años o más,Email o newsletter,Salta,SI,NOA,21 a 30 años,1
Varón,Municipal,Universitario incompleto,1 año,Pág. web Min. de Cultura,Tucumán,SI,NOA,51 a 60 años,1
Varón,Municipal,Secundario completo,7 años o más,Email o newsletter,Salta,SI,NOA,31 a 40 años,1
Mujer,Nacional,Universitario incompleto,Menos de 1 año,Redes sociales,Jujuy,SI,NOA,31 a 40 años,1
Mujer,Municipal,Universitario completo,Menos de 1 año,Persona conocida,La Rioja,SI,NOA,21 a 30 años,1
Varón,Municipal,Secundario completo,5 años,Redes sociales,Tucumán,SI,NOA,31 a 40 años,1
Mujer,Otro,Terciario incompleto,Menos de 1 año,Redes sociales,La Rioja,SI,NOA,21 a 30 años,1
No binaria,Otro,Secundario incompleto,1 año,Redes sociales,Tucumán,SI,NOA,51 a 60 años,1
Varón,Provincial,Universitario incompleto,2 años,Redes sociales,La Rioja,SI,NOA,21 a 30 años,1
Mujer,Provincial,Universitario incompleto,7 años o más,Persona conocida,Tucumán,SI,NOA,31 a 40 años,1
Varón,Municipal,Terciario completo,1 año,Redes sociales,Jujuy,SI,NOA,41 a 50 años,1
Varón,Municipal,Universitario incompleto,5 años,Redes sociales,La Rioja,SI,NOA,21 a 30 años,1
Varón,Provincial,Posgrado completo,7 años o más,Pág. web Min. de Cultura,Tucumán,SI,NOA,31 a 40 años,1
Varón,Municipal,Terciario completo,4 años,Pág. web Min. de Cultura,Salta,SI,NOA,21 a 30 años,1
Mujer,Provincial,Universitario completo,7 años o más,Redes sociales,Jujuy,SI,NOA,51 a 60 años,1
Mujer,Municipal,Universitario incompleto,4 años,Persona conocida,Tucumán,SI,NOA,21 a 30 años,1
Mujer,Provincial,Terciario completo,2 años,Pág. web Min. de Cultura,La Rioja,SI,NOA,31 a 40 años,1
Mujer,Otro,Universitario completo,Menos de 1 año,Pág. web Min. de Cultura,Tucumán,SI,NOA,31 a 40 años,1
Varón,Municipal,Universitario incompleto,7 años o más,Pág. web Min. de Cultura,Tucumán,SI,NOA,41 a 50 años,1
Mujer,Municipal,Universitario completo,Menos de 1 año,Redes sociales,Tucumán,SI,NOA,31 a 40 años,1
Mujer,Municipal,Terciario completo,7 años o más,Pág. web Min. de Cultura,Jujuy,SI,NOA,41 a 50 años,1
Varón,Provincial,Terciario completo,6 años,Pág. web Min. de Cultura,Santiago del Estero,SI,NOA,51 a 60 años,1
Varón,Provincial,Universitario incompleto,1 año,Redes sociales,La Rioja,SI,NOA,31 a 40 años,1
Mujer,Provincial,Secundario completo,Menos de 1 año,Persona conocida,Jujuy,SI,NOA,31 a 40 años,1
Mujer,Otro,Universitario incompleto,5 años,Pág. web Min. de Cultura,Tucumán,SI,NOA,21 a 30 años,1
Mujer,Universitario,Universitario incompleto,3 años,Pág. web Min. de Cultura,Salta,SI,NOA,21 a 30 años,1
Mujer,Provincial,Posgrado incompleto,6 años,Pág. web Min. de Cultura,Jujuy,SI,NOA,31 a 40 años,1
Mujer,Provincial,Terciario completo,2 años,Email o newsletter,Catamarca,SI,NOA,31 a 40 años,1
Mujer,Provincial,Terciario completo,7 años o más,Pág. web Min. de Cultura,La Rioja,SI,NOA,41 a 50 años,1
Mujer,Nacional,Secundario incompleto,7 años o más,Pág. web Min. de Cultura,Tucumán,SI,NOA,51 a 60 años,1
Mujer,Provincial,Universitario completo,7 años o más,Redes sociales,Salta,SI,NOA,41 a 50 años,1
Varón,Municipal,Universitario incompleto,7 años o más,Redes sociales,Tucumán,SI,NOA,31 a 40 años,1
Mujer,Municipal,Universitario incompleto,7 años o más,Redes sociales,Catamarca,SI,NOA,31 a 40 años,1
Otro,Municipal,Secundario completo,7 años o más,Ámbito laboral,Catamarca,SI,NOA,31 a 40 años,1
Mujer,Provincial,Universitario completo,7 años o más,Persona conocida,Salta,SI,NOA,31 a 40 años,1
Mujer,Nacional,Universitario incompleto,5 años,Redes sociales,Jujuy,SI,NOA,31 a 40 años,1
Varón,Municipal,Terciario completo,3 años,Redes sociales,Jujuy,SI,NOA,31 a 40 años,1
Mujer,Otro,Universitario incompleto,7 años o más,Email o newsletter,Jujuy,SI,NOA,41 a 50 años,1
Mujer,Provincial,Terciario completo,4 años,Ámbito laboral,La Rioja,SI,NOA,31 a 40 años,1
Mujer,Municipal,Terciario completo,7 años o más,Pág. web Min. de Cultura,Catamarca,SI,NOA,31 a 40 años,1
Varón,Otro,Universitario completo,2 años,Redes sociales,La Rioja,SI,NOA,41 a 50 años,1
Mujer,Nacional,Universitario incompleto,7 años o más,Redes sociales,Salta,SI,NOA,31 a 40 años,1
Mujer,Provincial,Terciario completo,3 años,Pág. web Min. de Cultura,Salta,SI,NOA,41 a 50 años,1
Mujer,Provincial,Universitario completo,7 años o más,Pág. web Min. de Cultura,Jujuy,SI,NOA,31 a 40 años,1
Varón,Provincial,Terciario completo,4 años,Pág. web Min. de Cultura,Tucumán,SI,NOA,41 a 50 años,1
Mujer,Otro,Posgrado incompleto,3 años,Ámbito laboral,Salta,SI,NOA,31 a 40 años,1
Mujer,Provincial,Terciario completo,7 años o más,Email o newsletter,Catamarca,SI,NOA,51 a 60 años,1
Mujer,Municipal,Posgrado completo,7 años o más,Pág. web Min. de Cultura,Tucumán,SI,NOA,41 a 50 años,1
Mujer,Municipal,Universitario completo,Menos de 1 año,Redes sociales,Tucumán,SI,NOA,31 a 40 años,1
Mujer,Otro,Posgrado completo,7 años o más,Redes sociales,Jujuy,SI,NOA,31 a 40 años,1
Mujer,Nacional,Terciario completo,Menos de 1 año,Ámbito laboral,Jujuy,SI,NOA,31 a 40 años,1
Mujer,Provincial,Terciario incompleto,Menos de 1 año,Pág. web Min. de Cultura,Santiago del Estero,SI,NOA,31 a 40 años,1
Varón,Municipal,Terciario completo,6 años,Persona conocida,La Rioja,SI,NOA,31 a 40 años,1
Mujer,Nacional,Universitario completo,7 años o más,Email o newsletter,Tucumán,SI,NOA,51 a 60 años,1
Mujer,Provincial,Universitario completo,6 años,Ámbito laboral,La Rioja,SI,NOA,41 a 50 años,1
Varón,Otro,Universitario completo,3 años,Pág. web Min. de Cultura,Santiago del Estero,SI,NOA,31 a 40 años,1
Varón,Provincial,Universitario incompleto,7 años o más,Email o newsletter,Catamarca,SI,NOA,31 a 40 años,1
Varón,Municipal,Terciario incompleto,1 año,Pág. web Min. de Cultura,Santiago del Estero,SI,NOA,41 a 50 años,1
Mujer,Municipal,Terciario completo,1 año,Pág. web Min. de Cultura,Salta,SI,NOA,51 a 60 años,1
Varón,Provincial,Universitario incompleto,7 años o más,Pág. web Min. de Cultura,Tucumán,SI,NOA,51 a 60 años,1
Mujer,Provincial,Universitario incompleto,7 años o más,Ámbito laboral,Corrientes,SI,NEA,21 a 30 años,1
Mujer,Provincial,Posgrado completo,1 año,Persona conocida,Misiones,SI,NEA,31 a 40 años,1
Mujer,Municipal,Terciario completo,7 años o más,Pág. web Min. de Cultura,Formosa,SI,NEA,41 a 50 años,1
Varón,Municipal,Terciario incompleto,2 años,Ámbito laboral,Chaco,SI,NEA,31 a 40 años,1
Varón,Otro,Universitario incompleto,3 años,Pág. web Min. de Cultura,Chaco,SI,NEA,21 a 30 años,1
Mujer,Provincial,Terciario completo,7 años o más,Pág. web Min. de Cultura,Corrientes,SI,NEA,31 a 40 años,1
Mujer,Provincial,Universitario incompleto,Menos de 1 año,Ámbito laboral,Corrientes,SI,NEA,21 a 30 años,1
Mujer,Municipal,Universitario incompleto,Menos de 1 año,Ámbito laboral,Chaco,SI,NEA,31 a 40 años,1
Varón,Municipal,Terciario completo,2 años,Persona conocida,Formosa,SI,NEA,31 a 40 años,1
Mujer,Municipal,Terciario completo,1 año,Pág. web Min. de Cultura,Misiones,SI,NEA,21 a 30 años,1
Mujer,Provincial,Terciario completo,7 años o más,Ámbito laboral,Formosa,SI,NEA,31 a 40 años,1
Mujer,Municipal,Universitario completo,1 año,Ámbito laboral,Chaco,SI,NEA,41 a 50 años,1
Varón,Provincial,Universitario completo,Menos de 1 año,Ámbito laboral,Formosa,SI,NEA,41 a 50 años,1
Varón,Otro,Terciario completo,4 años,Pág. web Min. de Cultura,Chaco,SI,NEA,51 a 60 años,1
Varón,Municipal,Universitario incompleto,7 años o más,Pág. web Min. de Cultura,Formosa,SI,NEA,41 a 50 años,1
Mujer,Municipal,Universitario completo,2 años,Ámbito laboral,Corrientes,SI,NEA,31 a 40 años,1
Mujer,Provincial,Universitario incompleto,Menos de 1 año,Redes sociales,Formosa,SI,NEA,41 a 50 años,1
Varón,Otro,Secundario completo,1 año,Pág. web Min. de Cultura,Chaco,SI,NEA,41 a 50 años,1
Varón,Provincial,Terciario completo,3 años,Ámbito laboral,Formosa,SI,NEA,41 a 50 años,1
Mujer,Municipal,Terciario completo,5 años,Persona conocida,Misiones,SI,NEA,31 a 40 años,1
Mujer,Provincial,Universitario incompleto,7 años o más,Pág. web Min. de Cultura,Chaco,SI,NEA,41 a 50 años,1
Mujer,Provincial,Terciario completo,2 años,Redes sociales,Formosa,SI,NEA,31 a 40 años,1
Mujer,Otro,Universitario completo,7 años o más,Ámbito laboral,Chaco,SI,NEA,21 a 30 años,1
Mujer,Provincial,Terciario completo,3 años,Pág. web Min. de Cultura,Corrientes,SI,NEA,41 a 50 años,1
Varón,Provincial,Universitario incompleto,7 años o más,Pág. web Min. de Cultura,Chaco,SI,NEA,41 a 50 años,1
Mujer,Municipal,Universitario incompleto,7 años o más,Email o newsletter,Chaco,SI,NEA,51 a 60 años,1
Mujer,Municipal,Terciario incompleto,Menos de 1 año,Persona conocida,Chaco,SI,NEA,21 a 30 años,1
Mujer,Provincial,Terciario completo,3 años,Ámbito laboral,Formosa,SI,NEA,31 a 40 años,1
Mujer,Municipal,Posgrado completo,6 años,Otro,Formosa,SI,NEA,31 a 40 años,1
Varón,Provincial,Terciario completo,7 años o más,Pág. web Min. de Cultura,Formosa,SI,NEA,51 a 60 años,1
Varón,Provincial,Terciario completo,7 años o más,Pág. web Min. de Cultura,Formosa,SI,NEA,31 a 40 años,1
Varón,Provincial,Terciario completo,7 años o más,Ámbito laboral,Chaco,SI,NEA,51 a 60 años,1
Mujer,Provincial,Universitario completo,7 años o más,Persona conocida,Chaco,SI,NEA,31 a 40 años,1
Varón,Provincial,Universitario completo,7 años o más,Pág. web Min. de Cultura,Chaco,SI,NEA,41 a 50 años,1
Varón,Provincial,Terciario completo,3 años,Ámbito laboral,Formosa,SI,NEA,31 a 40 años,1
Varón,Provincial,Universitario incompleto,7 años o más,Pág. web Min. de Cultura,Chaco,SI,NEA,51 a 60 años,1
Mujer,Municipal,Universitario completo,3 años,Redes sociales,Corrientes,SI,NEA,31 a 40 años,1
Mujer,Provincial,Terciario incompleto,4 años,Ámbito laboral,Chaco,SI,NEA,31 a 40 años,1
Mujer,Provincial,Universitario completo,7 años o más,Email o newsletter,Formosa,SI,NEA,31 a 40 años,1
Mujer,Provincial,Universitario completo,5 años,Redes sociales,Chaco,SI,NEA,31 a 40 años,1
Mujer,Provincial,Universitario completo,7 años o más,Ámbito laboral,Chaco,SI,NEA,41 a 50 años,1
Varón,Municipal,Universitario incompleto,7 años o más,Ámbito laboral,Misiones,SI,NEA,41 a 50 años,1
Mujer,Provincial,Secundario completo,4 años,Redes sociales,Formosa,SI,NEA,21 a 30 años,1
Mujer,Municipal,Terciario completo,7 años o más,Pág. web Min. de Cultura,Formosa,SI,NEA,51 a 60 años,1
Mujer,Provincial,Universitario incompleto,7 años o más,Redes sociales,Chaco,SI,NEA,31 a 40 años,1
Varón,Universitario,Terciario completo,7 años o más,Otro,Formosa,SI,NEA,51 a 60 años,1
Mujer,Provincial,Universitario incompleto,7 años o más,Ámbito laboral,Chaco,SI,NEA,41 a 50 años,1
Varón,Provincial,Terciario completo,7 años o más,Pág. web Min. de Cultura,Formosa,SI,NEA,31 a 40 años,1
Varón,Otro,Universitario completo,7 años o más,Redes sociales,Formosa,SI,NEA,41 a 50 años,1
Varón,Provincial,Terciario completo,5 años,Persona conocida,Chaco,SI,NEA,31 a 40 años,1
Mujer,Provincial,Universitario completo,7 años o más,Persona conocida,Corrientes,SI,NEA,51 a 60 años,1
Mujer,Provincial,Universitario completo,7 años o más,Redes sociales,Corrientes,SI,NEA,51 a 60 años,1
Varón,Provincial,Terciario completo,2 años,Pág. web Min. de Cultura,Formosa,SI,NEA,41 a 50 años,1
Mujer,Provincial,Universitario incompleto,3 años,Ámbito laboral,San Luis,SI,CUYO,21 a 30 años,1
Mujer,Provincial,Universitario incompleto,Menos de 1 año,Redes sociales,Mendoza,SI,CUYO,41 a 50 años,1
Mujer,Municipal,Secundario completo,5 años,Persona conocida,San Luis,SI,CUYO,51 a 60 años,1
Varón,Otro,Universitario completo,3 años,Email o newsletter,San Luis,SI,CUYO,41 a 50 años,1
Mujer,Municipal,Universitario incompleto,Menos de 1 año,Email o newsletter,Mendoza,SI,CUYO,31 a 40 años,1
Mujer,Municipal,Terciario completo,Menos de 1 año,Redes sociales,Mendoza,SI,CUYO,41 a 50 años,1
Mujer,Municipal,Terciario incompleto,3 años,Pág. web Min. de Cultura,San Juan,SI,CUYO,41 a 50 años,1
Varón,Provincial,Universitario incompleto,2 años,Redes sociales,Mendoza,SI,CUYO,21 a 30 años,1
Mujer,Municipal,Terciario completo,2 años,Pág. web Min. de Cultura,San Juan,SI,CUYO,21 a 30 años,1
Varón,Municipal,Universitario completo,1 año,Pág. web Min. de Cultura,Mendoza,SI,CUYO,31 a 40 años,1
Varón,Provincial,Terciario completo,2 años,Email o newsletter,San Juan,SI,CUYO,31 a 40 años,1
Varón,Municipal,Universitario incompleto,2 años,Redes sociales,Mendoza,SI,CUYO,51 a 60 años,1
Mujer,Municipal,Universitario incompleto,7 años o más,Otro,Mendoza,SI,CUYO,31 a 40 años,1
Mujer,Municipal,Secundario completo,7 años o más,Ámbito laboral,San Juan,SI,CUYO,41 a 50 años,1
Varón,Otro,Universitario incompleto,7 años o más,Email o newsletter,Mendoza,SI,CUYO,31 a 40 años,1
Mujer,Otro,Secundario completo,1 año,Pág. web Min. de Cultura,San Juan,SI,CUYO,31 a 40 años,1
Mujer,Municipal,Universitario completo,5 años,Persona conocida,Mendoza,SI,CUYO,31 a 40 años,1
Varón,Otro,Secundario completo,1 año,Ámbito laboral,San Luis,SI,CUYO,21 a 30 años,1
Mujer,Municipal,Universitario completo,2 años,Redes sociales,Mendoza,SI,CUYO,21 a 30 años,1
Varón,Municipal,Secundario completo,Menos de 1 año,Redes sociales,Mendoza,SI,CUYO,18 a 20 años,1
Mujer,Otro,Universitario completo,Menos de 1 año,Redes sociales,Mendoza,SI,CUYO,21 a 30 años,1
Mujer,Municipal,Universitario incompleto,1 año,Pág. web Min. de Cultura,San Luis,SI,CUYO,31 a 40 años,1
Varón,Provincial,Universitario incompleto,3 años,Ámbito laboral,San Juan,SI,CUYO,31 a 40 años,1
Mujer,Otro,Secundario completo,7 años o más,Otro,Mendoza,SI,CUYO,51 a 60 años,1
Mujer,Provincial,Terciario completo,2 años,Ámbito laboral,San Luis,SI,CUYO,31 a 40 años,1
Mujer,Provincial,Secundario completo,3 años,Pág. web Min. de Cultura,San Juan,SI,CUYO,21 a 30 años,1
Mujer,Municipal,Universitario completo,5 años,Persona conocida,Mendoza,SI,CUYO,31 a 40 años,1
Varón,Provincial,Universitario completo,7 años o más,Pág. web Min. de Cultura,San Luis,SI,CUYO,31 a 40 años,1
Mujer,Municipal,Terciario completo,7 años o más,Redes sociales,Mendoza,SI,CUYO,51 a 60 años,1
Mujer,Municipal,Terciario completo,4 años,Pág. web Min. de Cultura,Mendoza,SI,CUYO,41 a 50 años,1
Varón,Provincial,Universitario completo,5 años,Persona conocida,San Luis,SI,CUYO,41 a 50 años,1
Mujer,Municipal,Universitario incompleto,2 años,Ámbito laboral,Mendoza,SI,CUYO,31 a 40 años,1
Varón,Provincial,Posgrado incompleto,6 años,Ámbito laboral,Mendoza,SI,CUYO,41 a 50 años,1
Mujer,Provincial,Posgrado incompleto,4 años,Redes sociales,San Juan,SI,CUYO,31 a 40 años,1
Mujer,Municipal,Terciario completo,4 años,Ámbito laboral,Mendoza,SI,CUYO,31 a 40 años,1
Mujer,Otro,Universitario incompleto,4 años,Pág. web Min. de Cultura,Mendoza,SI,CUYO,41 a 50 años,1
Mujer,Municipal,Terciario incompleto,6 años,Pág. web Min. de Cultura,Mendoza,SI,CUYO,31 a 40 años,1
Mujer,Municipal,Universitario completo,7 años o más,Ámbito laboral,Mendoza,SI,CUYO,31 a 40 años,1
Varón,Provincial,Terciario incompleto,2 años,Ámbito laboral,San Luis,SI,CUYO,31 a 40 años,1
Mujer,Otro,Terciario incompleto,6 años,Redes sociales,Mendoza,SI,CUYO,21 a 30 años,1
Varón,Otro,Secundario completo,6 años,Ámbito laboral,San Juan,SI,CUYO,41 a 50 años,1
Mujer,Provincial,Universitario incompleto,6 años,Ámbito laboral,San Juan,SI,CUYO,31 a 40 años,1
Mujer,Provincial,Universitario completo,5 años,Redes sociales,Mendoza,SI,CUYO,31 a 40 años,1
Mujer,Provincial,Universitario incompleto,7 años o más,Persona conocida,San Luis,SI,CUYO,31 a 40 años,1
Mujer,Otro,Secundario incompleto,7 años o más,Pág. web Min. de Cultura,Mendoza,SI,CUYO,61 a 70 años,1
Mujer,Municipal,Universitario incompleto,7 años o más,Ámbito laboral,Mendoza,SI,CUYO,31 a 40 años,1
Mujer,Municipal,Universitario incompleto,2 años,Ámbito laboral,San Juan,SI,CUYO,21 a 30 años,1
Mujer,Nacional,Universitario incompleto,3 años,Pág. web Min. de Cultura,San Juan,SI,CUYO,41 a 50 años,1
Mujer Trans,Otro,Secundario completo,1 año,Redes sociales,Mendoza,SI,CUYO,41 a 50 años,1
Mujer,Municipal,Universitario completo,1 año,Pág. web Min. de Cultura,San Luis,SI,CUYO,31 a 40 años,1
Varón,Otro,Terciario completo,7 años o más,Ámbito laboral,Santa Fe,SI,CENTRO,51 a 60 años,1
Varón,Municipal,Posgrado completo,2 años,Persona conocida,Santa Fe,SI,CENTRO,51 a 60 años,1
Mujer,Municipal,Secundario completo,Menos de 1 año,Redes sociales,Entre Ríos,SI,CENTRO,31 a 40 años,1
Varón,Provincial,Universitario incompleto,5 años,Ámbito laboral,Santa Fe,SI,CENTRO,51 a 60 años,1
Varón,Municipal,Terciario completo,1 año,Redes sociales,Entre Ríos,SI,CENTRO,31 a 40 años,1
Mujer,Municipal,Posgrado completo,5 años,Ámbito laboral,Entre Ríos,SI,CENTRO,31 a 40 años,1
Varón,Municipal,Universitario incompleto,2 años,Ámbito laboral,Santa Fe,SI,CENTRO,21 a 30 años,1
Varón,Municipal,Terciario completo,1 año,Email o newsletter,Córdoba,SI,CENTRO,31 a 40 años,1
Mujer,Provincial,Universitario completo,2 años,Email o newsletter,Córdoba,SI,CENTRO,31 a 40 años,1
Mujer,Municipal,Secundario completo,2 años,Ámbito laboral,Entre Ríos,SI,CENTRO,51 a 60 años,1
Mujer,Municipal,Universitario incompleto,2 años,Pág. web Min. de Cultura,Entre Ríos,SI,CENTRO,21 a 30 años,1
Mujer,Otro,Universitario completo,1 año,Persona conocida,Córdoba,SI,CENTRO,21 a 30 años,1
Varón,Otro,Universitario incompleto,3 años,Pág. web Min. de Cultura,Santa Fe,SI,CENTRO,21 a 30 años,1
Varón,Municipal,Universitario incompleto,3 años,Email o newsletter,Córdoba,SI,CENTRO,21 a 30 años,1
Mujer,Otro,Terciario completo,Menos de 1 año,Persona conocida,Santa Fe,SI,CENTRO,21 a 30 años,1
Mujer,Municipal,Terciario completo,1 año,Email o newsletter,Entre Ríos,SI,CENTRO,31 a 40 años,1
Varón,Provincial,Universitario completo,7 años o más,Pág. web Min. de Cultura,Córdoba,SI,CENTRO,31 a 40 años,1
Mujer,Municipal,Secundario completo,5 años,Redes sociales,Santa Fe,SI,CENTRO,51 a 60 años,1
Mujer,Provincial,Terciario completo,7 años o más,Ámbito laboral,Entre Ríos,SI,CENTRO,41 a 50 años,1
Mujer,Provincial,Terciario completo,7 años o más,Email o newsletter,Santa Fe,SI,CENTRO,31 a 40 años,1
Varón,Municipal,Terciario completo,5 años,Redes sociales,Santa Fe,SI,CENTRO,21 a 30 años,1
Mujer,Municipal,Universitario incompleto,7 años o más,Pág. web Min. de Cultura,Entre Ríos,SI,CENTRO,31 a 40 años,1
Mujer,Municipal,Secundario completo,Menos de 1 año,Pág. web Min. de Cultura,Entre Ríos,SI,CENTRO,31 a 40 años,1
Mujer,Municipal,Universitario incompleto,7 años o más,Pág. web Min. de Cultura,Entre Ríos,SI,CENTRO,21 a 30 años,1
Varón,Municipal,Secundario completo,1 año,Persona conocida,Córdoba,SI,CENTRO,41 a 50 años,1
Varón,Municipal,Posgrado incompleto,1 año,Redes sociales,Santa Fe,SI,CENTRO,31 a 40 años,1
Mujer,Provincial,Terciario completo,7 años o más,Email o newsletter,Santa Fe,SI,CENTRO,41 a 50 años,1
Varón,Provincial,Universitario incompleto,2 años,Redes sociales,Santa Fe,SI,CENTRO,31 a 40 años,1
Varón,Provincial,Terciario incompleto,7 años o más,Redes sociales,Entre Ríos,SI,CENTRO,31 a 40 años,1
Varón,Municipal,Universitario completo,7 años o más,Persona conocida,Córdoba,SI,CENTRO,41 a 50 años,1
Mujer,Municipal,Universitario completo,1 año,Email o newsletter,Córdoba,SI,CENTRO,41 a 50 años,1
Mujer,Municipal,Terciario completo,7 años o más,Otro,Santa Fe,SI,CENTRO,51 a 60 años,1
Mujer,Municipal,Terciario completo,1 año,Pág. web Min. de Cultura,Santa Fe,SI,CENTRO,51 a 60 años,1
Mujer,Provincial,Terciario incompleto,1 año,Redes sociales,Córdoba,SI,CENTRO,31 a 40 años,1
Varón,Municipal,Universitario completo,7 años o más,Ámbito laboral,Santa Fe,SI,CENTRO,31 a 40 años,1
Varón,Provincial,Universitario completo,7 años o más,Ámbito laboral,Santa Fe,SI,CENTRO,41 a 50 años,1
Varón,Municipal,Terciario incompleto,Menos de 1 año,Email o newsletter,Córdoba,SI,CENTRO,51 a 60 años,1
Mujer,Municipal,Posgrado completo,7 años o más,Pág. web Min. de Cultura,Santa Fe,SI,CENTRO,41 a 50 años,1
Varón,Municipal,Terciario incompleto,3 años,Email o newsletter,Córdoba,SI,CENTRO,41 a 50 años,1
Mujer,Municipal,Posgrado completo,2 años,Ámbito laboral,Córdoba,SI,CENTRO,51 a 60 años,1
Mujer,Municipal,Terciario incompleto,7 años o más,Email o newsletter,Santa Fe,SI,CENTRO,31 a 40 años,1
Mujer,Otro,Universitario incompleto,3 años,Pág. web Min. de Cultura,Entre Ríos,SI,CENTRO,31 a 40 años,1
Mujer,Municipal,Universitario completo,6 años,Pág. web Min. de Cultura,Córdoba,SI,CENTRO,41 a 50 años,1
Varón,Municipal,Universitario completo,1 año,Ámbito laboral,Entre Ríos,SI,CENTRO,21 a 30 años,1
Mujer,Nacional,Terciario completo,7 años o más,Persona conocida,Córdoba,SI,CENTRO,41 a 50 años,1
Varón,Municipal,Secundario incompleto,Menos de 1 año,Redes sociales,Entre Ríos,SI,CENTRO,51 a 60 años,1
Mujer,Municipal,Universitario completo,7 años o más,Redes sociales,Córdoba,SI,CENTRO,41 a 50 años,1
Varón,Municipal,Terciario completo,1 año,Pág. web Min. de Cultura,Entre Ríos,SI,CENTRO,21 a 30 años,1
Mujer,Otro,Terciario incompleto,3 años,Ámbito laboral,Entre Ríos,SI,CENTRO,51 a 60 años,1
Mujer,Municipal,Terciario incompleto,3 años,Pág. web Min. de Cultura,Entre Ríos,SI,CENTRO,41 a 50 años,1
Mujer Trans,Otro,Universitario completo,7 años o más,Email o newsletter,Córdoba,SI,CENTRO,61 a 70 años,1
Mujer,Provincial,Posgrado completo,7 años o más,Email o newsletter,Córdoba,SI,CENTRO,41 a 50 años,1
Mujer,Municipal,Posgrado incompleto,4 años,Redes sociales,Entre Ríos,SI,CENTRO,51 a 60 años,1
Varón,Provincial,Terciario completo,7 años o más,Pág. web Min. de Cultura,Santa Fe,SI,CENTRO,41 a 50 años,1
Varón,Municipal,Secundario completo,1 año,Persona conocida,Córdoba,SI,CENTRO,41 a 50 años,1
Mujer,Provincial,Terciario completo,7 años o más,Pág. web Min. de Cultura,Santa Fe,SI,CENTRO,41 a 50 años,1
Mujer,Otro,Posgrado incompleto,7 años o más,Pág. web Min. de Cultura,Córdoba,SI,CENTRO,51 a 60 años,1
Varón,Municipal,Universitario completo,7 años o más,Email o newsletter,Córdoba,SI,CENTRO,41 a 50 años,1
Mujer,Provincial,Terciario completo,7 años o más,Email o newsletter,Santa Fe,SI,CENTRO,41 a 50 años,1
Varón,Municipal,Terciario incompleto,2 años,Redes sociales,Santa Fe,SI,CENTRO,41 a 50 años,1
Mujer,Provincial,Terciario incompleto,7 años o más,Email o newsletter,Entre Ríos,SI,CENTRO,41 a 50 años,1
No binaria,Universitario,Terciario completo,5 años,Email o newsletter,Buenos Aires,SI,BUENOS AIRES,31 a 40 años,1
Varón,Provincial,Universitario completo,1 año,Persona conocida,Buenos Aires,SI,BUENOS AIRES,21 a 30 años,1
Mujer,Municipal,Universitario completo,2 años,Redes sociales,Buenos Aires,SI,BUENOS AIRES,31 a 40 años,1
Mujer,Municipal,Terciario incompleto,Menos de 1 año,Ámbito laboral,Buenos Aires,SI,BUENOS AIRES,21 a 30 años,1
Mujer,Provincial,Posgrado completo,1 año,Pág. web Min. de Cultura,Buenos Aires,SI,BUENOS AIRES,51 a 60 años,1
Varón,Provincial,Universitario completo,Menos de 1 año,Redes sociales,Buenos Aires,SI,BUENOS AIRES,31 a 40 años,1
Varón,Municipal,Terciario completo,3 años,Ámbito laboral,Buenos Aires,SI,BUENOS AIRES,31 a 40 años,1
Mujer,Otro,Universitario completo,7 años o más,Redes sociales,CABA,SI,BUENOS AIRES,31 a 40 años,1
Varón,Municipal,Terciario completo,1 año,Pág. web Min. de Cultura,Buenos Aires,SI,BUENOS AIRES,31 a 40 años,1
Mujer,Municipal,Universitario incompleto,Menos de 1 año,Redes sociales,CABA,SI,BUENOS AIRES,31 a 40 años,1
Mujer,Universitario,Posgrado incompleto,2 años,Email o newsletter,Buenos Aires,SI,BUENOS AIRES,31 a 40 años,1
Varón,Nacional,Universitario incompleto,6 años,Email o newsletter,CABA,SI,BUENOS AIRES,21 a 30 años,1
Varón,Municipal,Posgrado incompleto,2 años,Email o newsletter,Buenos Aires,SI,BUENOS AIRES,21 a 30 años,1
Mujer,Provincial,Universitario completo,1 año,Email o newsletter,CABA,SI,BUENOS AIRES,21 a 30 años,1
Mujer,Nacional,Universitario incompleto,5 años,Redes sociales,CABA,SI,BUENOS AIRES,31 a 40 años,1
Varón,Municipal,Universitario completo,2 años,Redes sociales,CABA,SI,BUENOS AIRES,21 a 30 años,1
Mujer,Municipal,Posgrado completo,3 años,Pág. web Min. de Cultura,Buenos Aires,SI,BUENOS AIRES,31 a 40 años,1
Mujer,Provincial,Universitario completo,1 año,Persona conocida,CABA,SI,BUENOS AIRES,31 a 40 años,1
Varón,Municipal,Terciario completo,5 años,Ámbito laboral,Buenos Aires,SI,BUENOS AIRES,41 a 50 años,1
Mujer,Municipal,Terciario completo,5 años,Email o newsletter,Buenos Aires,SI,BUENOS AIRES,51 a 60 años,1
Mujer,Nacional,Universitario completo,5 años,Pág. web Min. de Cultura,CABA,SI,BUENOS AIRES,41 a 50 años,1
Mujer,Nacional,Universitario completo,1 año,Email o newsletter,CABA,SI,BUENOS AIRES,51 a 60 años,1
Varón,Provincial,Universitario incompleto,7 años o más,Email o newsletter,Buenos Aires,SI,BUENOS AIRES,51 a 60 años,1
Varón,Municipal,Secundario completo,7 años o más,Pág. web Min. de Cultura,Buenos Aires,SI,BUENOS AIRES,41 a 50 años,1
No binaria,Provincial,Universitario incompleto,4 años,Ámbito laboral,Buenos Aires,SI,BUENOS AIRES,31 a 40 años,1
Varón,Municipal,Terciario completo,7 años o más,Email o newsletter,Buenos Aires,SI,BUENOS AIRES,51 a 60 años,1
Mujer Trans,Municipal,Terciario completo,Menos de 1 año,Redes sociales,Buenos Aires,SI,BUENOS AIRES,51 a 60 años,1
Mujer,Municipal,Universitario incompleto,7 años o más,Persona conocida,Buenos Aires,SI,BUENOS AIRES,41 a 50 años,1
Mujer,Nacional,Terciario completo,4 años,Email o newsletter,CABA,SI,BUENOS AIRES,31 a 40 años,1
Mujer,Municipal,Terciario completo,3 años,Redes sociales,Buenos Aires,SI,BUENOS AIRES,51 a 60 años,1
Mujer,Nacional,Universitario completo,3 años,Ámbito laboral,CABA,SI,BUENOS AIRES,31 a 40 años,1
Varón,Municipal,Universitario incompleto,4 años,Email o newsletter,Buenos Aires,SI,BUENOS AIRES,31 a 40 años,1
Varón,Nacional,Universitario incompleto,7 años o más,Redes sociales,CABA,SI,BUENOS AIRES,41 a 50 años,1
Mujer,Municipal,Posgrado completo,5 años,Redes sociales,CABA,SI,BUENOS AIRES,41 a 50 años,1
Mujer,Municipal,Secundario completo,2 años,Ámbito laboral,Buenos Aires,SI,BUENOS AIRES,21 a 30 años,1
Varón,Nacional,Terciario completo,7 años o más,Ámbito laboral,CABA,SI,BUENOS AIRES,31 a 40 años,1
Mujer,Municipal,Universitario completo,3 años,Email o newsletter,CABA,SI,BUENOS AIRES,31 a 40 años,1
Varón,Provincial,Terciario incompleto,7 años o más,Persona conocida,Buenos Aires,SI,BUENOS AIRES,31 a 40 años,1
Varón,Nacional,Posgrado incompleto,7 años o más,Pág. web Min. de Cultura,Buenos Aires,SI,BUENOS AIRES,41 a 50 años,1
Mujer,Nacional,Universitario completo,4 años,Email o newsletter,CABA,SI,BUENOS AIRES,31 a 40 años,1
Mujer,Nacional,Terciario completo,7 años o más,Redes sociales,CABA,SI,BUENOS AIRES,31 a 40 años,1
Mujer,Nacional,Universitario completo,5 años,Email o newsletter,Buenos Aires,SI,BUENOS AIRES,41 a 50 años,1
Mujer,Nacional,Posgrado incompleto,7 años o más,Ámbito laboral,CABA,SI,BUENOS AIRES,51 a 60 años,1
Varón,Municipal,Terciario completo,Menos de 1 año,Ámbito laboral,Buenos Aires,SI,BUENOS AIRES,21 a 30 años,1
Mujer,Municipal,Universitario completo,7 años o más,Ámbito laboral,Buenos Aires,SI,BUENOS AIRES,41 a 50 años,1
Varón,Otro,Posgrado incompleto,6 años,Email o newsletter,CABA,SI,BUENOS AIRES,41 a 50 años,1
Varón,Municipal,Universitario incompleto,6 años,Pág. web Min. de Cultura,Buenos Aires,SI,BUENOS AIRES,51 a 60 años,1
Varón,Nacional,Universitario incompleto,7 años o más,Pág. web Min. de Cultura,CABA,SI,BUENOS AIRES,41 a 50 años,1
Varón,Municipal,Terciario incompleto,7 años o más,Pág. web Min. de Cultura,Buenos Aires,SI,BUENOS AIRES,41 a 50 años,1
Varón,Universitario,Universitario incompleto,4 años,Pág. web Min. de Cultura,Buenos Aires,SI,BUENOS AIRES,21 a 30 años,1
Mujer,Municipal,Universitario completo,Menos de 1 año,Redes sociales,Buenos Aires,SI,BUENOS AIRES,31 a 40 años,1
Mujer,Municipal,Terciario completo,7 años o más,Redes sociales,Buenos Aires,SI,BUENOS AIRES,51 a 60 años,1
Mujer,Otro,Terciario completo,3 años,Persona conocida,CABA,SI,BUENOS AIRES,51 a 60 años,1
Mujer,Municipal,Secundario completo,7 años o más,Email o newsletter,Buenos Aires,SI,BUENOS AIRES,31 a 40 años,1
Varón,Otro,Terciario completo,7 años o más,Redes sociales,Buenos Aires,SI,BUENOS AIRES,41 a 50 años,1
Mujer,Municipal,Posgrado completo,7 años o más,Ámbito laboral,Buenos Aires,SI,BUENOS AIRES,31 a 40 años,1
Mujer,Nacional,Posgrado completo,Menos de 1 año,Email o newsletter,CABA,SI,BUENOS AIRES,41 a 50 años,1
Mujer,Otro,Terciario completo,7 años o más,Email o newsletter,Buenos Aires,SI,BUENOS AIRES,51 a 60 años,1
Varón,Municipal,Terciario completo,7 años o más,Email o newsletter,CABA,SI,BUENOS AIRES,41 a 50 años,1
Mujer,Nacional,Universitario completo,7 años o más,Redes sociales,CABA,SI,BUENOS AIRES,41 a 50 años,1
Varón,Municipal,Secundario completo,7 años o más,Pág. web Min. de Cultura,Buenos Aires,SI,BUENOS AIRES,51 a 60 años,1
Mujer,Otro,Terciario completo,1 año,Redes sociales,CABA,SI,BUENOS AIRES,31 a 40 años,1
Mujer,Municipal,Terciario completo,7 años o más,Ámbito laboral,Buenos Aires,SI,BUENOS AIRES,51 a 60 años,1
Mujer,Otro,Terciario completo,7 años o más,Otro,CABA,SI,BUENOS AIRES,51 a 60 años,1
Mujer,Municipal,Terciario completo,7 años o más,Ámbito laboral,Buenos Aires,SI,BUENOS AIRES,41 a 50 años,1
Varón,Municipal,Universitario completo,1 año,Persona conocida,La Rioja,SUPLENTE,NOA,18 a 20 años,1
Varón,Nacional,Universitario completo,2 años,Redes sociales,Entre Ríos,SUPLENTE,CENTRO,31 a 40 años,1
Mujer,Municipal,Posgrado completo,1 año,Email o newsletter,Santa Fe,SUPLENTE,CENTRO,41 a 50 años,1
Mujer,Municipal,Terciario completo,7 años o más,Email o newsletter,Córdoba,SUPLENTE,CENTRO,31 a 40 años,1
Mujer,Municipal,Universitario completo,7 años o más,Persona conocida,Córdoba,SUPLENTE,CENTRO,41 a 50 años,1
Mujer,Provincial,Universitario completo,7 años o más,Email o newsletter,Santa Fe,SUPLENTE,CENTRO,41 a 50 años,1
Mujer,Provincial,Terciario completo,3 años,Email o newsletter,Entre Ríos,SUPLENTE,CENTRO,21 a 30 años,1
Mujer,Provincial,Posgrado completo,7 años o más,Redes sociales,Santa Fe,SUPLENTE,CENTRO,31 a 40 años,1
Mujer,Provincial,Posgrado incompleto,6 años,Email o newsletter,Santa Fe,SUPLENTE,CENTRO,31 a 40 años,1
Mujer,Municipal,Secundario incompleto,6 años,Email o newsletter,Santa Fe,SUPLENTE,CENTRO,51 a 60 años,1
Varón,Municipal,Universitario incompleto,1 año,Redes sociales,Buenos Aires,SUPLENTE,BUENOS AIRES,41 a 50 años,1
Mujer,Municipal,Universitario completo,1 año,Redes sociales,Buenos Aires,SUPLENTE,BUENOS AIRES,31 a 40 años,1
Mujer,Provincial,Terciario completo,1 año,Ámbito laboral,CABA,SUPLENTE,BUENOS AIRES,31 a 40 años,1
Mujer,Municipal,Universitario incompleto,2 años,Redes sociales,Buenos Aires,SUPLENTE,BUENOS AIRES,31 a 40 años,1
Mujer,Nacional,Posgrado completo,7 años o más,Email o newsletter,CABA,SUPLENTE,BUENOS AIRES,41 a 50 años,1
Mujer,Municipal,Universitario incompleto,4 años,Email o newsletter,Buenos Aires,SUPLENTE,BUENOS AIRES,41 a 50 años,1
Mujer,Otro,Universitario incompleto,6 años,Redes sociales,CABA,SUPLENTE,BUENOS AIRES,41 a 50 años,1
Varón,Nacional,Universitario completo,6 años,Redes sociales,CABA,SUPLENTE,BUENOS AIRES,31 a 40 años,1
Mujer,Municipal,Universitario completo,7 años o más,Pág. web Min. de Cultura,Buenos Aires,SUPLENTE,BUENOS AIRES,51 a 60 años,1
Mujer,Nacional,Posgrado completo,2 años,Redes sociales,CABA,SUPLENTE,BUENOS AIRES,31 a 40 años,1
Mujer,Municipal,Universitario incompleto,7 años o más,Pág. web Min. de Cultura,Buenos Aires,SUPLENTE,BUENOS AIRES,41 a 50 años,1
Mujer,Municipal,Universitario incompleto,6 años,Pág. web Min. de Cultura,Buenos Aires,SUPLENTE,BUENOS AIRES,31 a 40 años,1
Mujer,Provincial,Universitario completo,7 años o más,Email o newsletter,Buenos Aires,SUPLENTE,BUENOS AIRES,51 a 60 años,1
Mujer,Municipal,Secundario completo,7 años o más,Redes sociales,Buenos Aires,SUPLENTE,BUENOS AIRES,31 a 40 años,1
